1, #t, 
2, #t, 
3, #t, 
4, #f, 
5, #t, 
6, #f, 
7, #t, 
8, #f, 
9, #f, 
10, #f, 
11, #t, 
12, #f, 
13, #t, 
14, #f, 
15, #f, 
16, #f, 
17, #t, 
18, #f, 
19, #t, 
20, #f, 
21, #f, 
22, #f, 
23, #t, 
24, #f, 
25, #f, 
26, #f, 
27, #f, 
28, #f, 
29, #t, 
30, #f, 
31, #t, 
32, #f, 
33, #f, 
34, #f, 
35, #f, 
36, #f, 
37, #t, 
38, #f, 
39, #f, 
40, #f, 
41, #t, 
42, #f, 
43, #t, 
44, #f, 
45, #f, 
46, #f, 
47, #t, 
48, #f, 
49, #f, 
50, #f, 
51, #f, 
52, #f, 
53, #t, 
54, #f, 
55, #f, 
56, #f, 
57, #f, 
58, #f, 
59, #t, 
60, #f, 
61, #t, 
62, #f, 
63, #f, 
64, #f, 
65, #f, 
66, #f, 
67, #t, 
68, #f, 
69, #f, 
70, #f, 
71, #t, 
72, #f, 
73, #t, 
74, #f, 
75, #f, 
76, #f, 
77, #f, 
78, #f, 
79, #t, 
80, #f, 
81, #f, 
82, #f, 
83, #t, 
84, #f, 
85, #f, 
86, #f, 
87, #f, 
88, #f, 
89, #t, 
90, #f, 
91, #f, 
92, #f, 
93, #f, 
94, #f, 
95, #f, 
96, #f, 
97, #t, 
98, #f, 
99, #f, 
100, #f, 
101, #t, 
102, #f, 
103, #t, 
104, #f, 
105, #f, 
106, #f, 
107, #t, 
108, #f, 
109, #t, 
110, #f, 
111, #f, 
112, #f, 
113, #t, 
114, #f, 
115, #f, 
116, #f, 
117, #f, 
118, #f, 
119, #f, 
120, #f, 
121, #f, 
122, #f, 
123, #f, 
124, #f, 
125, #f, 
126, #f, 
127, #t, 
128, #f, 
129, #f, 
130, #f, 
131, #t, 
132, #f, 
133, #f, 
134, #f, 
135, #f, 
136, #f, 
137, #t, 
138, #f, 
139, #t, 
140, #f, 
141, #f, 
142, #f, 
143, #f, 
144, #f, 
145, #f, 
146, #f, 
147, #f, 
148, #f, 
149, #t, 
150, #f, 
151, #t, 
152, #f, 
153, #f, 
154, #f, 
155, #f, 
156, #f, 
157, #t, 
158, #f, 
159, #f, 
160, #f, 
161, #f, 
162, #f, 
163, #t, 
164, #f, 
165, #f, 
166, #f, 
167, #t, 
168, #f, 
169, #f, 
170, #f, 
171, #f, 
172, #f, 
173, #t, 
174, #f, 
175, #f, 
176, #f, 
177, #f, 
178, #f, 
179, #t, 
180, #f, 
181, #t, 
182, #f, 
183, #f, 
184, #f, 
185, #f, 
186, #f, 
187, #f, 
188, #f, 
189, #f, 
190, #f, 
191, #t, 
192, #f, 
193, #t, 
194, #f, 
195, #f, 
196, #f, 
197, #t, 
198, #f, 
199, #t, 
200, #f, 
201, #f, 
202, #f, 
203, #f, 
204, #f, 
205, #f, 
206, #f, 
207, #f, 
208, #f, 
209, #f, 
210, #f, 
211, #t, 
212, #f, 
213, #f, 
214, #f, 
215, #f, 
216, #f, 
217, #f, 
218, #f, 
219, #f, 
220, #f, 
221, #f, 
222, #f, 
223, #t, 
224, #f, 
225, #f, 
226, #f, 
227, #t, 
228, #f, 
229, #t, 
230, #f, 
231, #f, 
232, #f, 
233, #t, 
234, #f, 
235, #f, 
236, #f, 
237, #f, 
238, #f, 
239, #t, 
240, #f, 
241, #t, 
242, #f, 
243, #f, 
244, #f, 
245, #f, 
246, #f, 
247, #f, 
248, #f, 
249, #f, 
250, #f, 
251, #t, 
252, #f, 
253, #f, 
254, #f, 
255, #f, 
256, #f, 
257, #t, 
258, #f, 
259, #f, 
260, #f, 
261, #f, 
262, #f, 
263, #t, 
264, #f, 
265, #f, 
266, #f, 
267, #f, 
268, #f, 
269, #t, 
270, #f, 
271, #t, 
272, #f, 
273, #f, 
274, #f, 
275, #f, 
276, #f, 
277, #t, 
278, #f, 
279, #f, 
280, #f, 
281, #t, 
282, #f, 
283, #t, 
284, #f, 
285, #f, 
286, #f, 
287, #f, 
288, #f, 
289, #f, 
290, #f, 
291, #f, 
292, #f, 
293, #t, 
294, #f, 
295, #f, 
296, #f, 
297, #f, 
298, #f, 
299, #f, 
300, #f, 
301, #f, 
302, #f, 
303, #f, 
304, #f, 
305, #f, 
306, #f, 
307, #t, 
308, #f, 
309, #f, 
310, #f, 
311, #t, 
312, #f, 
313, #t, 
314, #f, 
315, #f, 
316, #f, 
317, #t, 
318, #f, 
319, #f, 
320, #f, 
321, #f, 
322, #f, 
323, #f, 
324, #f, 
325, #f, 
326, #f, 
327, #f, 
328, #f, 
329, #f, 
330, #f, 
331, #t, 
332, #f, 
333, #f, 
334, #f, 
335, #f, 
336, #f, 
337, #t, 
338, #f, 
339, #f, 
340, #f, 
341, #f, 
342, #f, 
343, #f, 
344, #f, 
345, #f, 
346, #f, 
347, #t, 
348, #f, 
349, #t, 
350, #f, 
351, #f, 
352, #f, 
353, #t, 
354, #f, 
355, #f, 
356, #f, 
357, #f, 
358, #f, 
359, #t, 
360, #f, 
361, #f, 
362, #f, 
363, #f, 
364, #f, 
365, #f, 
366, #f, 
367, #t, 
368, #f, 
369, #f, 
370, #f, 
371, #f, 
372, #f, 
373, #t, 
374, #f, 
375, #f, 
376, #f, 
377, #f, 
378, #f, 
379, #t, 
380, #f, 
381, #f, 
382, #f, 
383, #t, 
384, #f, 
385, #f, 
386, #f, 
387, #f, 
388, #f, 
389, #t, 
390, #f, 
391, #f, 
392, #f, 
393, #f, 
394, #f, 
395, #f, 
396, #f, 
397, #t, 
398, #f, 
399, #f, 
400, #f, 
401, #t, 
402, #f, 
403, #f, 
404, #f, 
405, #f, 
406, #f, 
407, #f, 
408, #f, 
409, #t, 
410, #f, 
411, #f, 
412, #f, 
413, #f, 
414, #f, 
415, #f, 
416, #f, 
417, #f, 
418, #f, 
419, #t, 
420, #f, 
421, #t, 
422, #f, 
423, #f, 
424, #f, 
425, #f, 
426, #f, 
427, #f, 
428, #f, 
429, #f, 
430, #f, 
431, #t, 
432, #f, 
433, #t, 
434, #f, 
435, #f, 
436, #f, 
437, #f, 
438, #f, 
439, #t, 
440, #f, 
441, #f, 
442, #f, 
443, #t, 
444, #f, 
445, #f, 
446, #f, 
447, #f, 
448, #f, 
449, #t, 
450, #f, 
451, #f, 
452, #f, 
453, #f, 
454, #f, 
455, #f, 
456, #f, 
457, #t, 
458, #f, 
459, #f, 
460, #f, 
461, #t, 
462, #f, 
463, #t, 
464, #f, 
465, #f, 
466, #f, 
467, #t, 
468, #f, 
469, #f, 
470, #f, 
471, #f, 
472, #f, 
473, #f, 
474, #f, 
475, #f, 
476, #f, 
477, #f, 
478, #f, 
479, #t, 
480, #f, 
481, #f, 
482, #f, 
483, #f, 
484, #f, 
485, #f, 
486, #f, 
487, #t, 
488, #f, 
489, #f, 
490, #f, 
491, #t, 
492, #f, 
493, #f, 
494, #f, 
495, #f, 
496, #f, 
497, #f, 
498, #f, 
499, #t, 
500, #f, 
501, #f, 
502, #f, 
503, #t, 
504, #f, 
505, #f, 
506, #f, 
507, #f, 
508, #f, 
509, #t, 
510, #f, 
511, #f, 
512, #f, 
513, #f, 
514, #f, 
515, #f, 
516, #f, 
517, #f, 
518, #f, 
519, #f, 
520, #f, 
521, #t, 
522, #f, 
523, #t, 
524, #f, 
525, #f, 
526, #f, 
527, #f, 
528, #f, 
529, #f, 
530, #f, 
531, #f, 
532, #f, 
533, #f, 
534, #f, 
535, #f, 
536, #f, 
537, #f, 
538, #f, 
539, #f, 
540, #f, 
541, #t, 
542, #f, 
543, #f, 
544, #f, 
545, #f, 
546, #f, 
547, #t, 
548, #f, 
549, #f, 
550, #f, 
551, #f, 
552, #f, 
553, #f, 
554, #f, 
555, #f, 
556, #f, 
557, #t, 
558, #f, 
559, #f, 
560, #f, 
561, #f, 
562, #f, 
563, #t, 
564, #f, 
565, #f, 
566, #f, 
567, #f, 
568, #f, 
569, #t, 
570, #f, 
571, #t, 
572, #f, 
573, #f, 
574, #f, 
575, #f, 
576, #f, 
577, #t, 
578, #f, 
579, #f, 
580, #f, 
581, #f, 
582, #f, 
583, #f, 
584, #f, 
585, #f, 
586, #f, 
587, #t, 
588, #f, 
589, #f, 
590, #f, 
591, #f, 
592, #f, 
593, #t, 
594, #f, 
595, #f, 
596, #f, 
597, #f, 
598, #f, 
599, #t, 
600, #f, 
601, #t, 
602, #f, 
603, #f, 
604, #f, 
605, #f, 
606, #f, 
607, #t, 
608, #f, 
609, #f, 
610, #f, 
611, #f, 
612, #f, 
613, #t, 
614, #f, 
615, #f, 
616, #f, 
617, #t, 
618, #f, 
619, #t, 
620, #f, 
621, #f, 
622, #f, 
623, #f, 
624, #f, 
625, #f, 
626, #f, 
627, #f, 
628, #f, 
629, #f, 
630, #f, 
631, #t, 
632, #f, 
633, #f, 
634, #f, 
635, #f, 
636, #f, 
637, #f, 
638, #f, 
639, #f, 
640, #f, 
641, #t, 
642, #f, 
643, #t, 
644, #f, 
645, #f, 
646, #f, 
647, #t, 
648, #f, 
649, #f, 
650, #f, 
651, #f, 
652, #f, 
653, #t, 
654, #f, 
655, #f, 
656, #f, 
657, #f, 
658, #f, 
659, #t, 
660, #f, 
661, #t, 
662, #f, 
663, #f, 
664, #f, 
665, #f, 
666, #f, 
667, #f, 
668, #f, 
669, #f, 
670, #f, 
671, #f, 
672, #f, 
673, #t, 
674, #f, 
675, #f, 
676, #f, 
677, #t, 
678, #f, 
679, #f, 
680, #f, 
681, #f, 
682, #f, 
683, #t, 
684, #f, 
685, #f, 
686, #f, 
687, #f, 
688, #f, 
689, #f, 
690, #f, 
691, #t, 
692, #f, 
693, #f, 
694, #f, 
695, #f, 
696, #f, 
697, #f, 
698, #f, 
699, #f, 
700, #f, 
701, #t, 
702, #f, 
703, #f, 
704, #f, 
705, #f, 
706, #f, 
707, #f, 
708, #f, 
709, #t, 
710, #f, 
711, #f, 
712, #f, 
713, #f, 
714, #f, 
715, #f, 
716, #f, 
717, #f, 
718, #f, 
719, #t, 
720, #f, 
721, #f, 
722, #f, 
723, #f, 
724, #f, 
725, #f, 
726, #f, 
727, #t, 
728, #f, 
729, #f, 
730, #f, 
731, #f, 
732, #f, 
733, #t, 
734, #f, 
735, #f, 
736, #f, 
737, #f, 
738, #f, 
739, #t, 
740, #f, 
741, #f, 
742, #f, 
743, #t, 
744, #f, 
745, #f, 
746, #f, 
747, #f, 
748, #f, 
749, #f, 
750, #f, 
751, #t, 
752, #f, 
753, #f, 
754, #f, 
755, #f, 
756, #f, 
757, #t, 
758, #f, 
759, #f, 
760, #f, 
761, #t, 
762, #f, 
763, #f, 
764, #f, 
765, #f, 
766, #f, 
767, #f, 
768, #f, 
769, #t, 
770, #f, 
771, #f, 
772, #f, 
773, #t, 
774, #f, 
775, #f, 
776, #f, 
777, #f, 
778, #f, 
779, #f, 
780, #f, 
781, #f, 
782, #f, 
783, #f, 
784, #f, 
785, #f, 
786, #f, 
787, #t, 
788, #f, 
789, #f, 
790, #f, 
791, #f, 
792, #f, 
793, #f, 
794, #f, 
795, #f, 
796, #f, 
797, #t, 
798, #f, 
799, #f, 
800, #f, 
801, #f, 
802, #f, 
803, #f, 
804, #f, 
805, #f, 
806, #f, 
807, #f, 
808, #f, 
809, #t, 
810, #f, 
811, #t, 
812, #f, 
813, #f, 
814, #f, 
815, #f, 
816, #f, 
817, #f, 
818, #f, 
819, #f, 
820, #f, 
821, #t, 
822, #f, 
823, #t, 
824, #f, 
825, #f, 
826, #f, 
827, #t, 
828, #f, 
829, #t, 
830, #f, 
831, #f, 
832, #f, 
833, #f, 
834, #f, 
835, #f, 
836, #f, 
837, #f, 
838, #f, 
839, #t, 
840, #f, 
841, #f, 
842, #f, 
843, #f, 
844, #f, 
845, #f, 
846, #f, 
847, #f, 
848, #f, 
849, #f, 
850, #f, 
851, #f, 
852, #f, 
853, #t, 
854, #f, 
855, #f, 
856, #f, 
857, #t, 
858, #f, 
859, #t, 
860, #f, 
861, #f, 
862, #f, 
863, #t, 
864, #f, 
865, #f, 
866, #f, 
867, #f, 
868, #f, 
869, #f, 
870, #f, 
871, #f, 
872, #f, 
873, #f, 
874, #f, 
875, #f, 
876, #f, 
877, #t, 
878, #f, 
879, #f, 
880, #f, 
881, #t, 
882, #f, 
883, #t, 
884, #f, 
885, #f, 
886, #f, 
887, #t, 
888, #f, 
889, #f, 
890, #f, 
891, #f, 
892, #f, 
893, #f, 
894, #f, 
895, #f, 
896, #f, 
897, #f, 
898, #f, 
899, #f, 
900, #f, 
901, #f, 
902, #f, 
903, #f, 
904, #f, 
905, #f, 
906, #f, 
907, #t, 
908, #f, 
909, #f, 
910, #f, 
911, #t, 
912, #f, 
913, #f, 
914, #f, 
915, #f, 
916, #f, 
917, #f, 
918, #f, 
919, #t, 
920, #f, 
921, #f, 
922, #f, 
923, #f, 
924, #f, 
925, #f, 
926, #f, 
927, #f, 
928, #f, 
929, #t, 
930, #f, 
931, #f, 
932, #f, 
933, #f, 
934, #f, 
935, #f, 
936, #f, 
937, #t, 
938, #f, 
939, #f, 
940, #f, 
941, #t, 
942, #f, 
943, #f, 
944, #f, 
945, #f, 
946, #f, 
947, #t, 
948, #f, 
949, #f, 
950, #f, 
951, #f, 
952, #f, 
953, #t, 
954, #f, 
955, #f, 
956, #f, 
957, #f, 
958, #f, 
959, #f, 
960, #f, 
961, #f, 
962, #f, 
963, #f, 
964, #f, 
965, #f, 
966, #f, 
967, #t, 
968, #f, 
969, #f, 
970, #f, 
971, #t, 
972, #f, 
973, #f, 
974, #f, 
975, #f, 
976, #f, 
977, #t, 
978, #f, 
979, #f, 
980, #f, 
981, #f, 
982, #f, 
983, #t, 
984, #f, 
985, #f, 
986, #f, 
987, #f, 
988, #f, 
989, #f, 
990, #f, 
991, #t, 
992, #f, 
993, #f, 
994, #f, 
995, #f, 
996, #f, 
997, #t, 
998, #f, 
999, #f, 
1000, #f, 
1001, #f, 
1002, #f, 
1003, #f, 
1004, #f, 
1005, #f, 
1006, #f, 
1007, #f, 
1008, #f, 
1009, #t, 
1010, #f, 
1011, #f, 
1012, #f, 
1013, #t, 
1014, #f, 
1015, #f, 
1016, #f, 
1017, #f, 
1018, #f, 
1019, #t, 
1020, #f, 
1021, #t, 
1022, #f, 
1023, #f, 
1024, #f, 
1025, #f, 
1026, #f, 
1027, #f, 
1028, #f, 
1029, #f, 
1030, #f, 
1031, #t, 
1032, #f, 
1033, #t, 
1034, #f, 
1035, #f, 
1036, #f, 
1037, #f, 
1038, #f, 
1039, #t, 
1040, #f, 
1041, #f, 
1042, #f, 
1043, #f, 
1044, #f, 
1045, #f, 
1046, #f, 
1047, #f, 
1048, #f, 
1049, #t, 
1050, #f, 
1051, #t, 
1052, #f, 
1053, #f, 
1054, #f, 
1055, #f, 
1056, #f, 
1057, #f, 
1058, #f, 
1059, #f, 
1060, #f, 
1061, #t, 
1062, #f, 
1063, #t, 
1064, #f, 
1065, #f, 
1066, #f, 
1067, #f, 
1068, #f, 
1069, #t, 
1070, #f, 
1071, #f, 
1072, #f, 
1073, #f, 
1074, #f, 
1075, #f, 
1076, #f, 
1077, #f, 
1078, #f, 
1079, #f, 
1080, #f, 
1081, #f, 
1082, #f, 
1083, #f, 
1084, #f, 
1085, #f, 
1086, #f, 
1087, #t, 
1088, #f, 
1089, #f, 
1090, #f, 
1091, #t, 
1092, #f, 
1093, #t, 
1094, #f, 
1095, #f, 
1096, #f, 
1097, #t, 
1098, #f, 
1099, #f, 
1100, #f, 
1101, #f, 
1102, #f, 
1103, #t, 
1104, #f, 
1105, #f, 
1106, #f, 
1107, #f, 
1108, #f, 
1109, #t, 
1110, #f, 
1111, #f, 
1112, #f, 
1113, #f, 
1114, #f, 
1115, #f, 
1116, #f, 
1117, #t, 
1118, #f, 
1119, #f, 
1120, #f, 
1121, #f, 
1122, #f, 
1123, #t, 
1124, #f, 
1125, #f, 
1126, #f, 
1127, #f, 
1128, #f, 
1129, #t, 
1130, #f, 
1131, #f, 
1132, #f, 
1133, #f, 
1134, #f, 
1135, #f, 
1136, #f, 
1137, #f, 
1138, #f, 
1139, #f, 
1140, #f, 
1141, #f, 
1142, #f, 
1143, #f, 
1144, #f, 
1145, #f, 
1146, #f, 
1147, #f, 
1148, #f, 
1149, #f, 
1150, #f, 
1151, #t, 
1152, #f, 
1153, #t, 
1154, #f, 
1155, #f, 
1156, #f, 
1157, #f, 
1158, #f, 
1159, #f, 
1160, #f, 
1161, #f, 
1162, #f, 
1163, #t, 
1164, #f, 
1165, #f, 
1166, #f, 
1167, #f, 
1168, #f, 
1169, #f, 
1170, #f, 
1171, #t, 
1172, #f, 
1173, #f, 
1174, #f, 
1175, #f, 
1176, #f, 
1177, #f, 
1178, #f, 
1179, #f, 
1180, #f, 
1181, #t, 
1182, #f, 
1183, #f, 
1184, #f, 
1185, #f, 
1186, #f, 
1187, #t, 
1188, #f, 
1189, #f, 
1190, #f, 
1191, #f, 
1192, #f, 
1193, #t, 
1194, #f, 
1195, #f, 
1196, #f, 
1197, #f, 
1198, #f, 
1199, #f, 
1200, #f, 
1201, #t, 
1202, #f, 
1203, #f, 
1204, #f, 
1205, #f, 
1206, #f, 
1207, #f, 
1208, #f, 
1209, #f, 
1210, #f, 
1211, #f, 
1212, #f, 
1213, #t, 
1214, #f, 
1215, #f, 
1216, #f, 
1217, #t, 
1218, #f, 
1219, #f, 
1220, #f, 
1221, #f, 
1222, #f, 
1223, #t, 
1224, #f, 
1225, #f, 
1226, #f, 
1227, #f, 
1228, #f, 
1229, #t, 
1230, #f, 
1231, #t, 
1232, #f, 
1233, #f, 
1234, #f, 
1235, #f, 
1236, #f, 
1237, #t, 
1238, #f, 
1239, #f, 
1240, #f, 
1241, #f, 
1242, #f, 
1243, #f, 
1244, #f, 
1245, #f, 
1246, #f, 
1247, #f, 
1248, #f, 
1249, #t, 
1250, #f, 
1251, #f, 
1252, #f, 
1253, #f, 
1254, #f, 
1255, #f, 
1256, #f, 
1257, #f, 
1258, #f, 
1259, #t, 
1260, #f, 
1261, #f, 
1262, #f, 
1263, #f, 
1264, #f, 
1265, #f, 
1266, #f, 
1267, #f, 
1268, #f, 
1269, #f, 
1270, #f, 
1271, #f, 
1272, #f, 
1273, #f, 
1274, #f, 
1275, #f, 
1276, #f, 
1277, #t, 
1278, #f, 
1279, #t, 
1280, #f, 
1281, #f, 
1282, #f, 
1283, #t, 
1284, #f, 
1285, #f, 
1286, #f, 
1287, #f, 
1288, #f, 
1289, #t, 
1290, #f, 
1291, #t, 
1292, #f, 
1293, #f, 
1294, #f, 
1295, #f, 
1296, #f, 
1297, #t, 
1298, #f, 
1299, #f, 
1300, #f, 
1301, #t, 
1302, #f, 
1303, #t, 
1304, #f, 
1305, #f, 
1306, #f, 
1307, #t, 
1308, #f, 
1309, #f, 
1310, #f, 
1311, #f, 
1312, #f, 
1313, #f, 
1314, #f, 
1315, #f, 
1316, #f, 
1317, #f, 
1318, #f, 
1319, #t, 
1320, #f, 
1321, #t, 
1322, #f, 
1323, #f, 
1324, #f, 
1325, #f, 
1326, #f, 
1327, #t, 
1328, #f, 
1329, #f, 
1330, #f, 
1331, #f, 
1332, #f, 
1333, #f, 
1334, #f, 
1335, #f, 
1336, #f, 
1337, #f, 
1338, #f, 
1339, #f, 
1340, #f, 
1341, #f, 
1342, #f, 
1343, #f, 
1344, #f, 
1345, #f, 
1346, #f, 
1347, #f, 
1348, #f, 
1349, #f, 
1350, #f, 
1351, #f, 
1352, #f, 
1353, #f, 
1354, #f, 
1355, #f, 
1356, #f, 
1357, #f, 
1358, #f, 
1359, #f, 
1360, #f, 
1361, #t, 
1362, #f, 
1363, #f, 
1364, #f, 
1365, #f, 
1366, #f, 
1367, #t, 
1368, #f, 
1369, #f, 
1370, #f, 
1371, #f, 
1372, #f, 
1373, #t, 
1374, #f, 
1375, #f, 
1376, #f, 
1377, #f, 
1378, #f, 
1379, #f, 
1380, #f, 
1381, #t, 
1382, #f, 
1383, #f, 
1384, #f, 
1385, #f, 
1386, #f, 
1387, #f, 
1388, #f, 
1389, #f, 
1390, #f, 
1391, #f, 
1392, #f, 
1393, #f, 
1394, #f, 
1395, #f, 
1396, #f, 
1397, #f, 
1398, #f, 
1399, #t, 
1400, #f, 
1401, #f, 
1402, #f, 
1403, #f, 
1404, #f, 
1405, #f, 
1406, #f, 
1407, #f, 
1408, #f, 
1409, #t, 
1410, #f, 
1411, #f, 
1412, #f, 
1413, #f, 
1414, #f, 
1415, #f, 
1416, #f, 
1417, #f, 
1418, #f, 
1419, #f, 
1420, #f, 
1421, #f, 
1422, #f, 
1423, #t, 
1424, #f, 
1425, #f, 
1426, #f, 
1427, #t, 
1428, #f, 
1429, #t, 
1430, #f, 
1431, #f, 
1432, #f, 
1433, #t, 
1434, #f, 
1435, #f, 
1436, #f, 
1437, #f, 
1438, #f, 
1439, #t, 
1440, #f, 
1441, #f, 
1442, #f, 
1443, #f, 
1444, #f, 
1445, #f, 
1446, #f, 
1447, #t, 
1448, #f, 
1449, #f, 
1450, #f, 
1451, #t, 
1452, #f, 
1453, #t, 
1454, #f, 
1455, #f, 
1456, #f, 
1457, #f, 
1458, #f, 
1459, #t, 
1460, #f, 
1461, #f, 
1462, #f, 
1463, #f, 
1464, #f, 
1465, #f, 
1466, #f, 
1467, #f, 
1468, #f, 
1469, #f, 
1470, #f, 
1471, #t, 
1472, #f, 
1473, #f, 
1474, #f, 
1475, #f, 
1476, #f, 
1477, #f, 
1478, #f, 
1479, #f, 
1480, #f, 
1481, #t, 
1482, #f, 
1483, #t, 
1484, #f, 
1485, #f, 
1486, #f, 
1487, #t, 
1488, #f, 
1489, #t, 
1490, #f, 
1491, #f, 
1492, #f, 
1493, #t, 
1494, #f, 
1495, #f, 
1496, #f, 
1497, #f, 
1498, #f, 
1499, #t, 
1500, #f, 
1501, #f, 
1502, #f, 
1503, #f, 
1504, #f, 
1505, #f, 
1506, #f, 
1507, #f, 
1508, #f, 
1509, #f, 
1510, #f, 
1511, #t, 
1512, #f, 
1513, #f, 
1514, #f, 
1515, #f, 
1516, #f, 
1517, #f, 
1518, #f, 
1519, #f, 
1520, #f, 
1521, #f, 
1522, #f, 
1523, #t, 
1524, #f, 
1525, #f, 
1526, #f, 
1527, #f, 
1528, #f, 
1529, #f, 
1530, #f, 
1531, #t, 
1532, #f, 
1533, #f, 
1534, #f, 
1535, #f, 
1536, #f, 
1537, #f, 
1538, #f, 
1539, #f, 
1540, #f, 
1541, #f, 
1542, #f, 
1543, #t, 
1544, #f, 
1545, #f, 
1546, #f, 
1547, #f, 
1548, #f, 
1549, #t, 
1550, #f, 
1551, #f, 
1552, #f, 
1553, #t, 
1554, #f, 
1555, #f, 
1556, #f, 
1557, #f, 
1558, #f, 
1559, #t, 
1560, #f, 
1561, #f, 
1562, #f, 
1563, #f, 
1564, #f, 
1565, #f, 
1566, #f, 
1567, #t, 
1568, #f, 
1569, #f, 
1570, #f, 
1571, #t, 
1572, #f, 
1573, #f, 
1574, #f, 
1575, #f, 
1576, #f, 
1577, #f, 
1578, #f, 
1579, #t, 
1580, #f, 
1581, #f, 
1582, #f, 
1583, #t, 
1584, #f, 
1585, #f, 
1586, #f, 
1587, #f, 
1588, #f, 
1589, #f, 
1590, #f, 
1591, #f, 
1592, #f, 
1593, #f, 
1594, #f, 
1595, #f, 
1596, #f, 
1597, #t, 
1598, #f, 
1599, #f, 
1600, #f, 
1601, #t, 
1602, #f, 
1603, #f, 
1604, #f, 
1605, #f, 
1606, #f, 
1607, #t, 
1608, #f, 
1609, #t, 
1610, #f, 
1611, #f, 
1612, #f, 
1613, #t, 
1614, #f, 
1615, #f, 
1616, #f, 
1617, #f, 
1618, #f, 
1619, #t, 
1620, #f, 
1621, #t, 
1622, #f, 
1623, #f, 
1624, #f, 
1625, #f, 
1626, #f, 
1627, #t, 
1628, #f, 
1629, #f, 
1630, #f, 
1631, #f, 
1632, #f, 
1633, #f, 
1634, #f, 
1635, #f, 
1636, #f, 
1637, #t, 
1638, #f, 
1639, #f, 
1640, #f, 
1641, #f, 
1642, #f, 
1643, #f, 
1644, #f, 
1645, #f, 
1646, #f, 
1647, #f, 
1648, #f, 
1649, #f, 
1650, #f, 
1651, #f, 
1652, #f, 
1653, #f, 
1654, #f, 
1655, #f, 
1656, #f, 
1657, #t, 
1658, #f, 
1659, #f, 
1660, #f, 
1661, #f, 
1662, #f, 
1663, #t, 
1664, #f, 
1665, #f, 
1666, #f, 
1667, #t, 
1668, #f, 
1669, #t, 
1670, #f, 
1671, #f, 
1672, #f, 
1673, #f, 
1674, #f, 
1675, #f, 
1676, #f, 
1677, #f, 
1678, #f, 
1679, #f, 
1680, #f, 
1681, #f, 
1682, #f, 
1683, #f, 
1684, #f, 
1685, #f, 
1686, #f, 
1687, #f, 
1688, #f, 
1689, #f, 
1690, #f, 
1691, #f, 
1692, #f, 
1693, #t, 
1694, #f, 
1695, #f, 
1696, #f, 
1697, #t, 
1698, #f, 
1699, #t, 
1700, #f, 
1701, #f, 
1702, #f, 
1703, #f, 
1704, #f, 
1705, #f, 
1706, #f, 
1707, #f, 
1708, #f, 
1709, #t, 
1710, #f, 
1711, #f, 
1712, #f, 
1713, #f, 
1714, #f, 
1715, #f, 
1716, #f, 
1717, #f, 
1718, #f, 
1719, #f, 
1720, #f, 
1721, #t, 
1722, #f, 
1723, #t, 
1724, #f, 
1725, #f, 
1726, #f, 
1727, #f, 
1728, #f, 
1729, #f, 
1730, #f, 
1731, #f, 
1732, #f, 
1733, #t, 
1734, #f, 
1735, #f, 
1736, #f, 
1737, #f, 
1738, #f, 
1739, #f, 
1740, #f, 
1741, #t, 
1742, #f, 
1743, #f, 
1744, #f, 
1745, #f, 
1746, #f, 
1747, #t, 
1748, #f, 
1749, #f, 
1750, #f, 
1751, #f, 
1752, #f, 
1753, #t, 
1754, #f, 
1755, #f, 
1756, #f, 
1757, #f, 
1758, #f, 
1759, #t, 
1760, #f, 
1761, #f, 
1762, #f, 
1763, #f, 
1764, #f, 
1765, #f, 
1766, #f, 
1767, #f, 
1768, #f, 
1769, #f, 
1770, #f, 
1771, #f, 
1772, #f, 
1773, #f, 
1774, #f, 
1775, #f, 
1776, #f, 
1777, #t, 
1778, #f, 
1779, #f, 
1780, #f, 
1781, #f, 
1782, #f, 
1783, #t, 
1784, #f, 
1785, #f, 
1786, #f, 
1787, #t, 
1788, #f, 
1789, #t, 
1790, #f, 
1791, #f, 
1792, #f, 
1793, #f, 
1794, #f, 
1795, #f, 
1796, #f, 
1797, #f, 
1798, #f, 
1799, #f, 
1800, #f, 
1801, #t, 
1802, #f, 
1803, #f, 
1804, #f, 
1805, #f, 
1806, #f, 
1807, #f, 
1808, #f, 
1809, #f, 
1810, #f, 
1811, #t, 
1812, #f, 
1813, #f, 
1814, #f, 
1815, #f, 
1816, #f, 
1817, #f, 
1818, #f, 
1819, #f, 
1820, #f, 
1821, #f, 
1822, #f, 
1823, #t, 
1824, #f, 
1825, #f, 
1826, #f, 
1827, #f, 
1828, #f, 
1829, #f, 
1830, #f, 
1831, #t, 
1832, #f, 
1833, #f, 
1834, #f, 
1835, #f, 
1836, #f, 
1837, #f, 
1838, #f, 
1839, #f, 
1840, #f, 
1841, #f, 
1842, #f, 
1843, #f, 
1844, #f, 
1845, #f, 
1846, #f, 
1847, #t, 
1848, #f, 
1849, #f, 
1850, #f, 
1851, #f, 
1852, #f, 
1853, #f, 
1854, #f, 
1855, #f, 
1856, #f, 
1857, #f, 
1858, #f, 
1859, #f, 
1860, #f, 
1861, #t, 
1862, #f, 
1863, #f, 
1864, #f, 
1865, #f, 
1866, #f, 
1867, #t, 
1868, #f, 
1869, #f, 
1870, #f, 
1871, #t, 
1872, #f, 
1873, #t, 
1874, #f, 
1875, #f, 
1876, #f, 
1877, #t, 
1878, #f, 
1879, #t, 
1880, #f, 
1881, #f, 
1882, #f, 
1883, #f, 
1884, #f, 
1885, #f, 
1886, #f, 
1887, #f, 
1888, #f, 
1889, #t, 
1890, #f, 
1891, #f, 
1892, #f, 
1893, #f, 
1894, #f, 
1895, #f, 
1896, #f, 
1897, #f, 
1898, #f, 
1899, #f, 
1900, #f, 
1901, #t, 
1902, #f, 
1903, #f, 
1904, #f, 
1905, #f, 
1906, #f, 
1907, #t, 
1908, #f, 
1909, #f, 
1910, #f, 
1911, #f, 
1912, #f, 
1913, #t, 
1914, #f, 
1915, #f, 
1916, #f, 
1917, #f, 
1918, #f, 
1919, #f, 
1920, #f, 
1921, #f, 
1922, #f, 
1923, #f, 
1924, #f, 
1925, #f, 
1926, #f, 
1927, #f, 
1928, #f, 
1929, #f, 
1930, #f, 
1931, #t, 
1932, #f, 
1933, #t, 
1934, #f, 
1935, #f, 
1936, #f, 
1937, #f, 
1938, #f, 
1939, #f, 
1940, #f, 
1941, #f, 
1942, #f, 
1943, #f, 
1944, #f, 
1945, #f, 
1946, #f, 
1947, #f, 
1948, #f, 
1949, #t, 
1950, #f, 
1951, #t, 
1952, #f, 
1953, #f, 
1954, #f, 
1955, #f, 
1956, #f, 
1957, #f, 
1958, #f, 
1959, #f, 
1960, #f, 
1961, #f, 
1962, #f, 
1963, #f, 
1964, #f, 
1965, #f, 
1966, #f, 
1967, #f, 
1968, #f, 
1969, #f, 
1970, #f, 
1971, #f, 
1972, #f, 
1973, #t, 
1974, #f, 
1975, #f, 
1976, #f, 
1977, #f, 
1978, #f, 
1979, #t, 
1980, #f, 
1981, #f, 
1982, #f, 
1983, #f, 
1984, #f, 
1985, #f, 
1986, #f, 
1987, #t, 
1988, #f, 
1989, #f, 
1990, #f, 
1991, #f, 
1992, #f, 
1993, #t, 
1994, #f, 
1995, #f, 
1996, #f, 
1997, #t, 
1998, #f, 
1999, #t, 
2000, #f, 
2001, #f, 
2002, #f, 
2003, #t, 
2004, #f, 
2005, #f, 
2006, #f, 
2007, #f, 
2008, #f, 
2009, #f, 
2010, #f, 
2011, #t, 
2012, #f, 
2013, #f, 
2014, #f, 
2015, #f, 
2016, #f, 
2017, #t, 
2018, #f, 
2019, #f, 
2020, #f, 
2021, #f, 
2022, #f, 
2023, #f, 
2024, #f, 
2025, #f, 
2026, #f, 
2027, #t, 
2028, #f, 
2029, #t, 
2030, #f, 
2031, #f, 
2032, #f, 
2033, #f, 
2034, #f, 
2035, #f, 
2036, #f, 
2037, #f, 
2038, #f, 
2039, #t, 
2040, #f, 
2041, #f, 
2042, #f, 
2043, #f, 
2044, #f, 
2045, #f, 
2046, #f, 
2047, #f, 
2048, #f, 
2049, #f, 
2050, #f, 
2051, #f, 
2052, #f, 
2053, #t, 
2054, #f, 
2055, #f, 
2056, #f, 
2057, #f, 
2058, #f, 
2059, #f, 
2060, #f, 
2061, #f, 
2062, #f, 
2063, #t, 
2064, #f, 
2065, #f, 
2066, #f, 
2067, #f, 
2068, #f, 
2069, #t, 
2070, #f, 
2071, #f, 
2072, #f, 
2073, #f, 
2074, #f, 
2075, #f, 
2076, #f, 
2077, #f, 
2078, #f, 
2079, #f, 
2080, #f, 
2081, #t, 
2082, #f, 
2083, #t, 
2084, #f, 
2085, #f, 
2086, #f, 
2087, #t, 
2088, #f, 
2089, #t, 
2090, #f, 
2091, #f, 
2092, #f, 
2093, #f, 
2094, #f, 
2095, #f, 
2096, #f, 
2097, #f, 
2098, #f, 
2099, #t, 
2100, #f, 
2101, #f, 
2102, #f, 
2103, #f, 
2104, #f, 
2105, #f, 
2106, #f, 
2107, #f, 
2108, #f, 
2109, #f, 
2110, #f, 
2111, #t, 
2112, #f, 
2113, #t, 
2114, #f, 
2115, #f, 
2116, #f, 
2117, #f, 
2118, #f, 
2119, #f, 
2120, #f, 
2121, #f, 
2122, #f, 
2123, #f, 
2124, #f, 
2125, #f, 
2126, #f, 
2127, #f, 
2128, #f, 
2129, #t, 
2130, #f, 
2131, #t, 
2132, #f, 
2133, #f, 
2134, #f, 
2135, #f, 
2136, #f, 
2137, #t, 
2138, #f, 
2139, #f, 
2140, #f, 
2141, #t, 
2142, #f, 
2143, #t, 
2144, #f, 
2145, #f, 
2146, #f, 
2147, #f, 
2148, #f, 
2149, #f, 
2150, #f, 
2151, #f, 
2152, #f, 
2153, #t, 
2154, #f, 
2155, #f, 
2156, #f, 
2157, #f, 
2158, #f, 
2159, #f, 
2160, #f, 
2161, #t, 
2162, #f, 
2163, #f, 
2164, #f, 
2165, #f, 
2166, #f, 
2167, #f, 
2168, #f, 
2169, #f, 
2170, #f, 
2171, #f, 
2172, #f, 
2173, #f, 
2174, #f, 
2175, #f, 
2176, #f, 
2177, #f, 
2178, #f, 
2179, #t, 
2180, #f, 
2181, #f, 
2182, #f, 
2183, #f, 
2184, #f, 
2185, #f, 
2186, #f, 
2187, #f, 
2188, #f, 
2189, #f, 
2190, #f, 
2191, #f, 
2192, #f, 
2193, #f, 
2194, #f, 
2195, #f, 
2196, #f, 
2197, #f, 
2198, #f, 
2199, #f, 
2200, #f, 
2201, #f, 
2202, #f, 
2203, #t, 
2204, #f, 
2205, #f, 
2206, #f, 
2207, #t, 
2208, #f, 
2209, #f, 
2210, #f, 
2211, #f, 
2212, #f, 
2213, #t, 
2214, #f, 
2215, #f, 
2216, #f, 
2217, #f, 
2218, #f, 
2219, #f, 
2220, #f, 
2221, #t, 
2222, #f, 
2223, #f, 
2224, #f, 
2225, #f, 
2226, #f, 
2227, #f, 
2228, #f, 
2229, #f, 
2230, #f, 
2231, #f, 
2232, #f, 
2233, #f, 
2234, #f, 
2235, #f, 
2236, #f, 
2237, #t, 
2238, #f, 
2239, #t, 
2240, #f, 
2241, #f, 
2242, #f, 
2243, #t, 
2244, #f, 
2245, #f, 
2246, #f, 
2247, #f, 
2248, #f, 
2249, #f, 
2250, #f, 
2251, #t, 
2252, #f, 
2253, #f, 
2254, #f, 
2255, #f, 
2256, #f, 
2257, #f, 
2258, #f, 
2259, #f, 
2260, #f, 
2261, #f, 
2262, #f, 
2263, #f, 
2264, #f, 
2265, #f, 
2266, #f, 
2267, #t, 
2268, #f, 
2269, #t, 
2270, #f, 
2271, #f, 
2272, #f, 
2273, #t, 
2274, #f, 
2275, #f, 
2276, #f, 
2277, #f, 
2278, #f, 
2279, #f, 
2280, #f, 
2281, #t, 
2282, #f, 
2283, #f, 
2284, #f, 
2285, #f, 
2286, #f, 
2287, #t, 
2288, #f, 
2289, #f, 
2290, #f, 
2291, #f, 
2292, #f, 
2293, #t, 
2294, #f, 
2295, #f, 
2296, #f, 
2297, #t, 
2298, #f, 
2299, #f, 
2300, #f, 
2301, #f, 
2302, #f, 
2303, #f, 
2304, #f, 
2305, #f, 
2306, #f, 
2307, #f, 
2308, #f, 
2309, #t, 
2310, #f, 
2311, #t, 
2312, #f, 
2313, #f, 
2314, #f, 
2315, #f, 
2316, #f, 
2317, #f, 
2318, #f, 
2319, #f, 
2320, #f, 
2321, #f, 
2322, #f, 
2323, #f, 
2324, #f, 
2325, #f, 
2326, #f, 
2327, #f, 
2328, #f, 
2329, #f, 
2330, #f, 
2331, #f, 
2332, #f, 
2333, #t, 
2334, #f, 
2335, #f, 
2336, #f, 
2337, #f, 
2338, #f, 
2339, #t, 
2340, #f, 
2341, #t, 
2342, #f, 
2343, #f, 
2344, #f, 
2345, #f, 
2346, #f, 
2347, #t, 
2348, #f, 
2349, #f, 
2350, #f, 
2351, #t, 
2352, #f, 
2353, #f, 
2354, #f, 
2355, #f, 
2356, #f, 
2357, #t, 
2358, #f, 
2359, #f, 
2360, #f, 
2361, #f, 
2362, #f, 
2363, #f, 
2364, #f, 
2365, #f, 
2366, #f, 
2367, #f, 
2368, #f, 
2369, #f, 
2370, #f, 
2371, #t, 
2372, #f, 
2373, #f, 
2374, #f, 
2375, #f, 
2376, #f, 
2377, #t, 
2378, #f, 
2379, #f, 
2380, #f, 
2381, #t, 
2382, #f, 
2383, #t, 
2384, #f, 
2385, #f, 
2386, #f, 
2387, #f, 
2388, #f, 
2389, #t, 
2390, #f, 
2391, #f, 
2392, #f, 
2393, #t, 
2394, #f, 
2395, #f, 
2396, #f, 
2397, #f, 
2398, #f, 
2399, #t, 
2400, #f, 
2401, #f, 
2402, #f, 
2403, #f, 
2404, #f, 
2405, #f, 
2406, #f, 
2407, #f, 
2408, #f, 
2409, #f, 
2410, #f, 
2411, #t, 
2412, #f, 
2413, #f, 
2414, #f, 
2415, #f, 
2416, #f, 
2417, #t, 
2418, #f, 
2419, #f, 
2420, #f, 
2421, #f, 
2422, #f, 
2423, #t, 
2424, #f, 
2425, #f, 
2426, #f, 
2427, #f, 
2428, #f, 
2429, #f, 
2430, #f, 
2431, #f, 
2432, #f, 
2433, #f, 
2434, #f, 
2435, #f, 
2436, #f, 
2437, #t, 
2438, #f, 
2439, #f, 
2440, #f, 
2441, #t, 
2442, #f, 
2443, #f, 
2444, #f, 
2445, #f, 
2446, #f, 
2447, #t, 
2448, #f, 
2449, #f, 
2450, #f, 
2451, #f, 
2452, #f, 
2453, #f, 
2454, #f, 
2455, #f, 
2456, #f, 
2457, #f, 
2458, #f, 
2459, #t, 
2460, #f, 
2461, #f, 
2462, #f, 
2463, #f, 
2464, #f, 
2465, #f, 
2466, #f, 
2467, #t, 
2468, #f, 
2469, #f, 
2470, #f, 
2471, #f, 
2472, #f, 
2473, #t, 
2474, #f, 
2475, #f, 
2476, #f, 
2477, #t, 
2478, #f, 
2479, #f, 
2480, #f, 
2481, #f, 
2482, #f, 
2483, #f, 
2484, #f, 
2485, #f, 
2486, #f, 
2487, #f, 
2488, #f, 
2489, #f, 
2490, #f, 
2491, #f, 
2492, #f, 
2493, #f, 
2494, #f, 
2495, #f, 
2496, #f, 
2497, #f, 
2498, #f, 
2499, #f, 
2500, #f, 
2501, #f, 
2502, #f, 
2503, #t, 
2504, #f, 
2505, #f, 
2506, #f, 
2507, #f, 
2508, #f, 
2509, #f, 
2510, #f, 
2511, #f, 
2512, #f, 
2513, #f, 
2514, #f, 
2515, #f, 
2516, #f, 
2517, #f, 
2518, #f, 
2519, #f, 
2520, #f, 
2521, #t, 
2522, #f, 
2523, #f, 
2524, #f, 
2525, #f, 
2526, #f, 
2527, #f, 
2528, #f, 
2529, #f, 
2530, #f, 
2531, #t, 
2532, #f, 
2533, #f, 
2534, #f, 
2535, #f, 
2536, #f, 
2537, #f, 
2538, #f, 
2539, #t, 
2540, #f, 
2541, #f, 
2542, #f, 
2543, #t, 
2544, #f, 
2545, #f, 
2546, #f, 
2547, #f, 
2548, #f, 
2549, #t, 
2550, #f, 
2551, #t, 
2552, #f, 
2553, #f, 
2554, #f, 
2555, #f, 
2556, #f, 
2557, #t, 
2558, #f, 
2559, #f, 
2560, #f, 
2561, #f, 
2562, #f, 
2563, #f, 
2564, #f, 
2565, #f, 
2566, #f, 
2567, #f, 
2568, #f, 
2569, #f, 
2570, #f, 
2571, #f, 
2572, #f, 
2573, #f, 
2574, #f, 
2575, #f, 
2576, #f, 
2577, #f, 
2578, #f, 
2579, #t, 
2580, #f, 
2581, #f, 
2582, #f, 
2583, #f, 
2584, #f, 
2585, #f, 
2586, #f, 
2587, #f, 
2588, #f, 
2589, #f, 
2590, #f, 
2591, #t, 
2592, #f, 
2593, #t, 
2594, #f, 
2595, #f, 
2596, #f, 
2597, #f, 
2598, #f, 
2599, #f, 
2600, #f, 
2601, #f, 
2602, #f, 
2603, #f, 
2604, #f, 
2605, #f, 
2606, #f, 
2607, #f, 
2608, #f, 
2609, #t, 
2610, #f, 
2611, #f, 
2612, #f, 
2613, #f, 
2614, #f, 
2615, #f, 
2616, #f, 
2617, #t, 
2618, #f, 
2619, #f, 
2620, #f, 
2621, #t, 
2622, #f, 
2623, #f, 
2624, #f, 
2625, #f, 
2626, #f, 
2627, #f, 
2628, #f, 
2629, #f, 
2630, #f, 
2631, #f, 
2632, #f, 
2633, #t, 
2634, #f, 
2635, #f, 
2636, #f, 
2637, #f, 
2638, #f, 
2639, #f, 
2640, #f, 
2641, #f, 
2642, #f, 
2643, #f, 
2644, #f, 
2645, #f, 
2646, #f, 
2647, #t, 
2648, #f, 
2649, #f, 
2650, #f, 
2651, #f, 
2652, #f, 
2653, #f, 
2654, #f, 
2655, #f, 
2656, #f, 
2657, #t, 
2658, #f, 
2659, #t, 
2660, #f, 
2661, #f, 
2662, #f, 
2663, #t, 
2664, #f, 
2665, #f, 
2666, #f, 
2667, #f, 
2668, #f, 
2669, #f, 
2670, #f, 
2671, #t, 
2672, #f, 
2673, #f, 
2674, #f, 
2675, #f, 
2676, #f, 
2677, #t, 
2678, #f, 
2679, #f, 
2680, #f, 
2681, #f, 
2682, #f, 
2683, #t, 
2684, #f, 
2685, #f, 
2686, #f, 
2687, #t, 
2688, #f, 
2689, #t, 
2690, #f, 
2691, #f, 
2692, #f, 
2693, #t, 
2694, #f, 
2695, #f, 
2696, #f, 
2697, #f, 
2698, #f, 
2699, #t, 
2700, #f, 
2701, #f, 
2702, #f, 
2703, #f, 
2704, #f, 
2705, #f, 
2706, #f, 
2707, #t, 
2708, #f, 
2709, #f, 
2710, #f, 
2711, #t, 
2712, #f, 
2713, #t, 
2714, #f, 
2715, #f, 
2716, #f, 
2717, #f, 
2718, #f, 
2719, #t, 
2720, #f, 
2721, #f, 
2722, #f, 
2723, #f, 
2724, #f, 
2725, #f, 
2726, #f, 
2727, #f, 
2728, #f, 
2729, #t, 
2730, #f, 
2731, #t, 
2732, #f, 
2733, #f, 
2734, #f, 
2735, #f, 
2736, #f, 
2737, #f, 
2738, #f, 
2739, #f, 
2740, #f, 
2741, #t, 
2742, #f, 
2743, #f, 
2744, #f, 
2745, #f, 
2746, #f, 
2747, #f, 
2748, #f, 
2749, #t, 
2750, #f, 
2751, #f, 
2752, #f, 
2753, #t, 
2754, #f, 
2755, #f, 
2756, #f, 
2757, #f, 
2758, #f, 
2759, #f, 
2760, #f, 
2761, #f, 
2762, #f, 
2763, #f, 
2764, #f, 
2765, #f, 
2766, #f, 
2767, #t, 
2768, #f, 
2769, #f, 
2770, #f, 
2771, #f, 
2772, #f, 
2773, #f, 
2774, #f, 
2775, #f, 
2776, #f, 
2777, #t, 
2778, #f, 
2779, #f, 
2780, #f, 
2781, #f, 
2782, #f, 
2783, #f, 
2784, #f, 
2785, #f, 
2786, #f, 
2787, #f, 
2788, #f, 
2789, #t, 
2790, #f, 
2791, #t, 
2792, #f, 
2793, #f, 
2794, #f, 
2795, #f, 
2796, #f, 
2797, #t, 
2798, #f, 
2799, #f, 
2800, #f, 
2801, #t, 
2802, #f, 
2803, #t, 
2804, #f, 
2805, #f, 
2806, #f, 
2807, #f, 
2808, #f, 
2809, #f, 
2810, #f, 
2811, #f, 
2812, #f, 
2813, #f, 
2814, #f, 
2815, #f, 
2816, #f, 
2817, #f, 
2818, #f, 
2819, #t, 
2820, #f, 
2821, #f, 
2822, #f, 
2823, #f, 
2824, #f, 
2825, #f, 
2826, #f, 
2827, #f, 
2828, #f, 
2829, #f, 
2830, #f, 
2831, #f, 
2832, #f, 
2833, #t, 
2834, #f, 
2835, #f, 
2836, #f, 
2837, #t, 
2838, #f, 
2839, #f, 
2840, #f, 
2841, #f, 
2842, #f, 
2843, #t, 
2844, #f, 
2845, #f, 
2846, #f, 
2847, #f, 
2848, #f, 
2849, #f, 
2850, #f, 
2851, #t, 
2852, #f, 
2853, #f, 
2854, #f, 
2855, #f, 
2856, #f, 
2857, #t, 
2858, #f, 
2859, #f, 
2860, #f, 
2861, #t, 
2862, #f, 
2863, #f, 
2864, #f, 
2865, #f, 
2866, #f, 
2867, #f, 
2868, #f, 
2869, #f, 
2870, #f, 
2871, #f, 
2872, #f, 
2873, #f, 
2874, #f, 
2875, #f, 
2876, #f, 
2877, #f, 
2878, #f, 
2879, #t, 
2880, #f, 
2881, #f, 
2882, #f, 
2883, #f, 
2884, #f, 
2885, #f, 
2886, #f, 
2887, #t, 
2888, #f, 
2889, #f, 
2890, #f, 
2891, #f, 
2892, #f, 
2893, #f, 
2894, #f, 
2895, #f, 
2896, #f, 
2897, #t, 
2898, #f, 
2899, #f, 
2900, #f, 
2901, #f, 
2902, #f, 
2903, #t, 
2904, #f, 
2905, #f, 
2906, #f, 
2907, #f, 
2908, #f, 
2909, #t, 
2910, #f, 
2911, #f, 
2912, #f, 
2913, #f, 
2914, #f, 
2915, #f, 
2916, #f, 
2917, #t, 
2918, #f, 
2919, #f, 
2920, #f, 
2921, #f, 
2922, #f, 
2923, #f, 
2924, #f, 
2925, #f, 
2926, #f, 
2927, #t, 
2928, #f, 
2929, #f, 
2930, #f, 
2931, #f, 
2932, #f, 
2933, #f, 
2934, #f, 
2935, #f, 
2936, #f, 
2937, #f, 
2938, #f, 
2939, #t, 
2940, #f, 
2941, #f, 
2942, #f, 
2943, #f, 
2944, #f, 
2945, #f, 
2946, #f, 
2947, #f, 
2948, #f, 
2949, #f, 
2950, #f, 
2951, #f, 
2952, #f, 
2953, #t, 
2954, #f, 
2955, #f, 
2956, #f, 
2957, #t, 
2958, #f, 
2959, #f, 
2960, #f, 
2961, #f, 
2962, #f, 
2963, #t, 
2964, #f, 
2965, #f, 
2966, #f, 
2967, #f, 
2968, #f, 
2969, #t, 
2970, #f, 
2971, #t, 
2972, #f, 
2973, #f, 
2974, #f, 
2975, #f, 
2976, #f, 
2977, #f, 
2978, #f, 
2979, #f, 
2980, #f, 
2981, #f, 
2982, #f, 
2983, #f, 
2984, #f, 
2985, #f, 
2986, #f, 
2987, #f, 
2988, #f, 
2989, #f, 
2990, #f, 
2991, #f, 
2992, #f, 
2993, #f, 
2994, #f, 
2995, #f, 
2996, #f, 
2997, #f, 
2998, #f, 
2999, #t, 
3000, #f, 
3001, #t, 
3002, #f, 
3003, #f, 
3004, #f, 
3005, #f, 
3006, #f, 
3007, #f, 
3008, #f, 
3009, #f, 
3010, #f, 
3011, #t, 
3012, #f, 
3013, #f, 
3014, #f, 
3015, #f, 
3016, #f, 
3017, #f, 
3018, #f, 
3019, #t, 
3020, #f, 
3021, #f, 
3022, #f, 
3023, #t, 
3024, #f, 
3025, #f, 
3026, #f, 
3027, #f, 
3028, #f, 
3029, #f, 
3030, #f, 
3031, #f, 
3032, #f, 
3033, #f, 
3034, #f, 
3035, #f, 
3036, #f, 
3037, #t, 
3038, #f, 
3039, #f, 
3040, #f, 
3041, #t, 
3042, #f, 
3043, #f, 
3044, #f, 
3045, #f, 
3046, #f, 
3047, #f, 
3048, #f, 
3049, #t, 
3050, #f, 
3051, #f, 
3052, #f, 
3053, #f, 
3054, #f, 
3055, #f, 
3056, #f, 
3057, #f, 
3058, #f, 
3059, #f, 
3060, #f, 
3061, #t, 
3062, #f, 
3063, #f, 
3064, #f, 
3065, #f, 
3066, #f, 
3067, #t, 
3068, #f, 
3069, #f, 
3070, #f, 
3071, #f, 
3072, #f, 
3073, #f, 
3074, #f, 
3075, #f, 
3076, #f, 
3077, #f, 
3078, #f, 
3079, #t, 
3080, #f, 
3081, #f, 
3082, #f, 
3083, #t, 
3084, #f, 
3085, #f, 
3086, #f, 
3087, #f, 
3088, #f, 
3089, #t, 
3090, #f, 
3091, #f, 
3092, #f, 
3093, #f, 
3094, #f, 
3095, #f, 
3096, #f, 
3097, #f, 
3098, #f, 
3099, #f, 
3100, #f, 
3101, #f, 
3102, #f, 
3103, #f, 
3104, #f, 
3105, #f, 
3106, #f, 
3107, #f, 
3108, #f, 
3109, #t, 
3110, #f, 
3111, #f, 
3112, #f, 
3113, #f, 
3114, #f, 
3115, #f, 
3116, #f, 
3117, #f, 
3118, #f, 
3119, #t, 
3120, #f, 
3121, #t, 
3122, #f, 
3123, #f, 
3124, #f, 
3125, #f, 
3126, #f, 
3127, #f, 
3128, #f, 
3129, #f, 
3130, #f, 
3131, #f, 
3132, #f, 
3133, #f, 
3134, #f, 
3135, #f, 
3136, #f, 
3137, #t, 
3138, #f, 
3139, #f, 
3140, #f, 
3141, #f, 
3142, #f, 
3143, #f, 
3144, #f, 
3145, #f, 
3146, #f, 
3147, #f, 
3148, #f, 
3149, #f, 
3150, #f, 
3151, #f, 
3152, #f, 
3153, #f, 
3154, #f, 
3155, #f, 
3156, #f, 
3157, #f, 
3158, #f, 
3159, #f, 
3160, #f, 
3161, #f, 
3162, #f, 
3163, #t, 
3164, #f, 
3165, #f, 
3166, #f, 
3167, #t, 
3168, #f, 
3169, #t, 
3170, #f, 
3171, #f, 
3172, #f, 
3173, #f, 
3174, #f, 
3175, #f, 
3176, #f, 
3177, #f, 
3178, #f, 
3179, #f, 
3180, #f, 
3181, #t, 
3182, #f, 
3183, #f, 
3184, #f, 
3185, #f, 
3186, #f, 
3187, #t, 
3188, #f, 
3189, #f, 
3190, #f, 
3191, #t, 
3192, #f, 
3193, #f, 
3194, #f, 
3195, #f, 
3196, #f, 
3197, #f, 
3198, #f, 
3199, #f, 
3200, #f, 
3201, #f, 
3202, #f, 
3203, #t, 
3204, #f, 
3205, #f, 
3206, #f, 
3207, #f, 
3208, #f, 
3209, #t, 
3210, #f, 
3211, #f, 
3212, #f, 
3213, #f, 
3214, #f, 
3215, #f, 
3216, #f, 
3217, #t, 
3218, #f, 
3219, #f, 
3220, #f, 
3221, #t, 
3222, #f, 
3223, #f, 
3224, #f, 
3225, #f, 
3226, #f, 
3227, #f, 
3228, #f, 
3229, #t, 
3230, #f, 
3231, #f, 
3232, #f, 
3233, #f, 
3234, #f, 
3235, #f, 
3236, #f, 
3237, #f, 
3238, #f, 
3239, #f, 
3240, #f, 
3241, #f, 
3242, #f, 
3243, #f, 
3244, #f, 
3245, #f, 
3246, #f, 
3247, #f, 
3248, #f, 
3249, #f, 
3250, #f, 
3251, #t, 
3252, #f, 
3253, #t, 
3254, #f, 
3255, #f, 
3256, #f, 
3257, #t, 
3258, #f, 
3259, #t, 
3260, #f, 
3261, #f, 
3262, #f, 
3263, #f, 
3264, #f, 
3265, #f, 
3266, #f, 
3267, #f, 
3268, #f, 
3269, #f, 
3270, #f, 
3271, #t, 
3272, #f, 
3273, #f, 
3274, #f, 
3275, #f, 
3276, #f, 
3277, #f, 
3278, #f, 
3279, #f, 
3280, #f, 
3281, #f, 
3282, #f, 
3283, #f, 
3284, #f, 
3285, #f, 
3286, #f, 
3287, #f, 
3288, #f, 
3289, #f, 
3290, #f, 
3291, #f, 
3292, #f, 
3293, #f, 
3294, #f, 
3295, #f, 
3296, #f, 
3297, #f, 
3298, #f, 
3299, #t, 
3300, #f, 
3301, #t, 
3302, #f, 
3303, #f, 
3304, #f, 
3305, #f, 
3306, #f, 
3307, #t, 
3308, #f, 
3309, #f, 
3310, #f, 
3311, #f, 
3312, #f, 
3313, #t, 
3314, #f, 
3315, #f, 
3316, #f, 
3317, #f, 
3318, #f, 
3319, #t, 
3320, #f, 
3321, #f, 
3322, #f, 
3323, #t, 
3324, #f, 
3325, #f, 
3326, #f, 
3327, #f, 
3328, #f, 
3329, #t, 
3330, #f, 
3331, #t, 
3332, #f, 
3333, #f, 
3334, #f, 
3335, #f, 
3336, #f, 
3337, #f, 
3338, #f, 
3339, #f, 
3340, #f, 
3341, #f, 
3342, #f, 
3343, #t, 
3344, #f, 
3345, #f, 
3346, #f, 
3347, #t, 
3348, #f, 
3349, #f, 
3350, #f, 
3351, #f, 
3352, #f, 
3353, #f, 
3354, #f, 
3355, #f, 
3356, #f, 
3357, #f, 
3358, #f, 
3359, #t, 
3360, #f, 
3361, #t, 
3362, #f, 
3363, #f, 
3364, #f, 
3365, #f, 
3366, #f, 
3367, #f, 
3368, #f, 
3369, #f, 
3370, #f, 
3371, #t, 
3372, #f, 
3373, #t, 
3374, #f, 
3375, #f, 
3376, #f, 
3377, #f, 
3378, #f, 
3379, #f, 
3380, #f, 
3381, #f, 
3382, #f, 
3383, #f, 
3384, #f, 
3385, #f, 
3386, #f, 
3387, #f, 
3388, #f, 
3389, #t, 
3390, #f, 
3391, #t, 
3392, #f, 
3393, #f, 
3394, #f, 
3395, #f, 
3396, #f, 
3397, #f, 
3398, #f, 
3399, #f, 
3400, #f, 
3401, #f, 
3402, #f, 
3403, #f, 
3404, #f, 
3405, #f, 
3406, #f, 
3407, #t, 
3408, #f, 
3409, #f, 
3410, #f, 
3411, #f, 
3412, #f, 
3413, #t, 
3414, #f, 
3415, #f, 
3416, #f, 
3417, #f, 
3418, #f, 
3419, #f, 
3420, #f, 
3421, #f, 
3422, #f, 
3423, #f, 
3424, #f, 
3425, #f, 
3426, #f, 
3427, #f, 
3428, #f, 
3429, #f, 
3430, #f, 
3431, #f, 
3432, #f, 
3433, #t, 
3434, #f, 
3435, #f, 
3436, #f, 
3437, #f, 
3438, #f, 
3439, #f, 
3440, #f, 
3441, #f, 
3442, #f, 
3443, #f, 
3444, #f, 
3445, #f, 
3446, #f, 
3447, #f, 
3448, #f, 
3449, #t, 
3450, #f, 
3451, #f, 
3452, #f, 
3453, #f, 
3454, #f, 
3455, #f, 
3456, #f, 
3457, #t, 
3458, #f, 
3459, #f, 
3460, #f, 
3461, #t, 
3462, #f, 
3463, #t, 
3464, #f, 
3465, #f, 
3466, #f, 
3467, #t, 
3468, #f, 
3469, #t, 
3470, #f, 
3471, #f, 
3472, #f, 
3473, #f, 
3474, #f, 
3475, #f, 
3476, #f, 
3477, #f, 
3478, #f, 
3479, #f, 
3480, #f, 
3481, #f, 
3482, #f, 
3483, #f, 
3484, #f, 
3485, #f, 
3486, #f, 
3487, #f, 
3488, #f, 
3489, #f, 
3490, #f, 
3491, #t, 
3492, #f, 
3493, #f, 
3494, #f, 
3495, #f, 
3496, #f, 
3497, #f, 
3498, #f, 
3499, #t, 
3500, #f, 
3501, #f, 
3502, #f, 
3503, #f, 
3504, #f, 
3505, #f, 
3506, #f, 
3507, #f, 
3508, #f, 
3509, #f, 
3510, #f, 
3511, #t, 
3512, #f, 
3513, #f, 
3514, #f, 
3515, #f, 
3516, #f, 
3517, #t, 
3518, #f, 
3519, #f, 
3520, #f, 
3521, #f, 
3522, #f, 
3523, #f, 
3524, #f, 
3525, #f, 
3526, #f, 
3527, #t, 
3528, #f, 
3529, #t, 
3530, #f, 
3531, #f, 
3532, #f, 
3533, #t, 
3534, #f, 
3535, #f, 
3536, #f, 
3537, #f, 
3538, #f, 
3539, #t, 
3540, #f, 
3541, #t, 
3542, #f, 
3543, #f, 
3544, #f, 
3545, #f, 
3546, #f, 
3547, #t, 
3548, #f, 
3549, #f, 
3550, #f, 
3551, #f, 
3552, #f, 
3553, #f, 
3554, #f, 
3555, #f, 
3556, #f, 
3557, #t, 
3558, #f, 
3559, #t, 
3560, #f, 
3561, #f, 
3562, #f, 
3563, #f, 
3564, #f, 
3565, #f, 
3566, #f, 
3567, #f, 
3568, #f, 
3569, #f, 
3570, #f, 
3571, #t, 
3572, #f, 
3573, #f, 
3574, #f, 
3575, #f, 
3576, #f, 
3577, #f, 
3578, #f, 
3579, #f, 
3580, #f, 
3581, #t, 
3582, #f, 
3583, #t, 
3584, #f, 
3585, #f, 
3586, #f, 
3587, #f, 
3588, #f, 
3589, #f, 
3590, #f, 
3591, #f, 
3592, #f, 
3593, #t, 
3594, #f, 
3595, #f, 
3596, #f, 
3597, #f, 
3598, #f, 
3599, #f, 
3600, #f, 
3601, #f, 
3602, #f, 
3603, #f, 
3604, #f, 
3605, #f, 
3606, #f, 
3607, #t, 
3608, #f, 
3609, #f, 
3610, #f, 
3611, #f, 
3612, #f, 
3613, #t, 
3614, #f, 
3615, #f, 
3616, #f, 
3617, #t, 
3618, #f, 
3619, #f, 
3620, #f, 
3621, #f, 
3622, #f, 
3623, #t, 
3624, #f, 
3625, #f, 
3626, #f, 
3627, #f, 
3628, #f, 
3629, #f, 
3630, #f, 
3631, #t, 
3632, #f, 
3633, #f, 
3634, #f, 
3635, #f, 
3636, #f, 
3637, #t, 
3638, #f, 
3639, #f, 
3640, #f, 
3641, #f, 
3642, #f, 
3643, #t, 
3644, #f, 
3645, #f, 
3646, #f, 
3647, #f, 
3648, #f, 
3649, #f, 
3650, #f, 
3651, #f, 
3652, #f, 
3653, #f, 
3654, #f, 
3655, #f, 
3656, #f, 
3657, #f, 
3658, #f, 
3659, #t, 
3660, #f, 
3661, #f, 
3662, #f, 
3663, #f, 
3664, #f, 
3665, #f, 
3666, #f, 
3667, #f, 
3668, #f, 
3669, #f, 
3670, #f, 
3671, #t, 
3672, #f, 
3673, #t, 
3674, #f, 
3675, #f, 
3676, #f, 
3677, #t, 
3678, #f, 
3679, #f, 
3680, #f, 
3681, #f, 
3682, #f, 
3683, #f, 
3684, #f, 
3685, #f, 
3686, #f, 
3687, #f, 
3688, #f, 
3689, #f, 
3690, #f, 
3691, #t, 
3692, #f, 
3693, #f, 
3694, #f, 
3695, #f, 
3696, #f, 
3697, #t, 
3698, #f, 
3699, #f, 
3700, #f, 
3701, #t, 
3702, #f, 
3703, #f, 
3704, #f, 
3705, #f, 
3706, #f, 
3707, #f, 
3708, #f, 
3709, #t, 
3710, #f, 
3711, #f, 
3712, #f, 
3713, #f, 
3714, #f, 
3715, #f, 
3716, #f, 
3717, #f, 
3718, #f, 
3719, #t, 
3720, #f, 
3721, #f, 
3722, #f, 
3723, #f, 
3724, #f, 
3725, #f, 
3726, #f, 
3727, #t, 
3728, #f, 
3729, #f, 
3730, #f, 
3731, #f, 
3732, #f, 
3733, #t, 
3734, #f, 
3735, #f, 
3736, #f, 
3737, #f, 
3738, #f, 
3739, #t, 
3740, #f, 
3741, #f, 
3742, #f, 
3743, #f, 
3744, #f, 
3745, #f, 
3746, #f, 
3747, #f, 
3748, #f, 
3749, #f, 
3750, #f, 
3751, #f, 
3752, #f, 
3753, #f, 
3754, #f, 
3755, #f, 
3756, #f, 
3757, #f, 
3758, #f, 
3759, #f, 
3760, #f, 
3761, #t, 
3762, #f, 
3763, #f, 
3764, #f, 
3765, #f, 
3766, #f, 
3767, #t, 
3768, #f, 
3769, #t, 
3770, #f, 
3771, #f, 
3772, #f, 
3773, #f, 
3774, #f, 
3775, #f, 
3776, #f, 
3777, #f, 
3778, #f, 
3779, #t, 
3780, #f, 
3781, #f, 
3782, #f, 
3783, #f, 
3784, #f, 
3785, #f, 
3786, #f, 
3787, #f, 
3788, #f, 
3789, #f, 
3790, #f, 
3791, #f, 
3792, #f, 
3793, #t, 
3794, #f, 
3795, #f, 
3796, #f, 
3797, #t, 
3798, #f, 
3799, #f, 
3800, #f, 
3801, #f, 
3802, #f, 
3803, #t, 
3804, #f, 
3805, #f, 
3806, #f, 
3807, #f, 
3808, #f, 
3809, #f, 
3810, #f, 
3811, #f, 
3812, #f, 
3813, #f, 
3814, #f, 
3815, #f, 
3816, #f, 
3817, #f, 
3818, #f, 
3819, #f, 
3820, #f, 
3821, #t, 
3822, #f, 
3823, #t, 
3824, #f, 
3825, #f, 
3826, #f, 
3827, #f, 
3828, #f, 
3829, #f, 
3830, #f, 
3831, #f, 
3832, #f, 
3833, #t, 
3834, #f, 
3835, #f, 
3836, #f, 
3837, #f, 
3838, #f, 
3839, #f, 
3840, #f, 
3841, #f, 
3842, #f, 
3843, #f, 
3844, #f, 
3845, #f, 
3846, #f, 
3847, #t, 
3848, #f, 
3849, #f, 
3850, #f, 
3851, #t, 
3852, #f, 
3853, #t, 
3854, #f, 
3855, #f, 
3856, #f, 
3857, #f, 
3858, #f, 
3859, #f, 
3860, #f, 
3861, #f, 
3862, #f, 
3863, #t, 
3864, #f, 
3865, #f, 
3866, #f, 
3867, #f, 
3868, #f, 
3869, #f, 
3870, #f, 
3871, #f, 
3872, #f, 
3873, #f, 
3874, #f, 
3875, #f, 
3876, #f, 
3877, #t, 
3878, #f, 
3879, #f, 
3880, #f, 
3881, #t, 
3882, #f, 
3883, #f, 
3884, #f, 
3885, #f, 
3886, #f, 
3887, #f, 
3888, #f, 
3889, #t, 
3890, #f, 
3891, #f, 
3892, #f, 
3893, #f, 
3894, #f, 
3895, #f, 
3896, #f, 
3897, #f, 
3898, #f, 
3899, #f, 
3900, #f, 
3901, #f, 
3902, #f, 
3903, #f, 
3904, #f, 
3905, #f, 
3906, #f, 
3907, #t, 
3908, #f, 
3909, #f, 
3910, #f, 
3911, #t, 
3912, #f, 
3913, #f, 
3914, #f, 
3915, #f, 
3916, #f, 
3917, #t, 
3918, #f, 
3919, #t, 
3920, #f, 
3921, #f, 
3922, #f, 
3923, #t, 
3924, #f, 
3925, #f, 
3926, #f, 
3927, #f, 
3928, #f, 
3929, #t, 
3930, #f, 
3931, #t, 
3932, #f, 
3933, #f, 
3934, #f, 
3935, #f, 
3936, #f, 
3937, #f, 
3938, #f, 
3939, #f, 
3940, #f, 
3941, #f, 
3942, #f, 
3943, #t, 
3944, #f, 
3945, #f, 
3946, #f, 
3947, #t, 
3948, #f, 
3949, #f, 
3950, #f, 
3951, #f, 
3952, #f, 
3953, #f, 
3954, #f, 
3955, #f, 
3956, #f, 
3957, #f, 
3958, #f, 
3959, #f, 
3960, #f, 
3961, #f, 
3962, #f, 
3963, #f, 
3964, #f, 
3965, #f, 
3966, #f, 
3967, #t, 
3968, #f, 
3969, #f, 
3970, #f, 
3971, #f, 
3972, #f, 
3973, #f, 
3974, #f, 
3975, #f, 
3976, #f, 
3977, #f, 
3978, #f, 
3979, #f, 
3980, #f, 
3981, #f, 
3982, #f, 
3983, #f, 
3984, #f, 
3985, #f, 
3986, #f, 
3987, #f, 
3988, #f, 
3989, #t, 
3990, #f, 
3991, #f, 
3992, #f, 
3993, #f, 
3994, #f, 
3995, #f, 
3996, #f, 
3997, #f, 
3998, #f, 
3999, #f, 
4000, #f, 
4001, #t, 
4002, #f, 
4003, #t, 
4004, #f, 
4005, #f, 
4006, #f, 
4007, #t, 
4008, #f, 
4009, #f, 
4010, #f, 
4011, #f, 
4012, #f, 
4013, #t, 
4014, #f, 
4015, #f, 
4016, #f, 
4017, #f, 
4018, #f, 
4019, #t, 
4020, #f, 
4021, #t, 
4022, #f, 
4023, #f, 
4024, #f, 
4025, #f, 
4026, #f, 
4027, #t, 
4028, #f, 
4029, #f, 
4030, #f, 
4031, #f, 
4032, #f, 
4033, #f, 
4034, #f, 
4035, #f, 
4036, #f, 
4037, #f, 
4038, #f, 
4039, #f, 
4040, #f, 
4041, #f, 
4042, #f, 
4043, #f, 
4044, #f, 
4045, #f, 
4046, #f, 
4047, #f, 
4048, #f, 
4049, #t, 
4050, #f, 
4051, #t, 
4052, #f, 
4053, #f, 
4054, #f, 
4055, #f, 
4056, #f, 
4057, #t, 
4058, #f, 
4059, #f, 
4060, #f, 
4061, #f, 
4062, #f, 
4063, #f, 
4064, #f, 
4065, #f, 
4066, #f, 
4067, #f, 
4068, #f, 
4069, #f, 
4070, #f, 
4071, #f, 
4072, #f, 
4073, #t, 
4074, #f, 
4075, #f, 
4076, #f, 
4077, #f, 
4078, #f, 
4079, #t, 
4080, #f, 
4081, #f, 
4082, #f, 
4083, #f, 
4084, #f, 
4085, #f, 
4086, #f, 
4087, #f, 
4088, #f, 
4089, #f, 
4090, #f, 
4091, #t, 
4092, #f, 
4093, #t, 
4094, #f, 
4095, #f, 
4096, #f, 
4097, #f, 
4098, #f, 
4099, #t, 
4100, #f, 
4101, #f, 
4102, #f, 
4103, #f, 
4104, #f, 
4105, #f, 
4106, #f, 
4107, #f, 
4108, #f, 
4109, #f, 
4110, #f, 
4111, #t, 
4112, #f, 
4113, #f, 
4114, #f, 
4115, #f, 
4116, #f, 
4117, #f, 
4118, #f, 
4119, #f, 
4120, #f, 
4121, #f, 
4122, #f, 
4123, #f, 
4124, #f, 
4125, #f, 
4126, #f, 
4127, #t, 
4128, #f, 
4129, #t, 
4130, #f, 
4131, #f, 
4132, #f, 
4133, #t, 
4134, #f, 
4135, #f, 
4136, #f, 
4137, #f, 
4138, #f, 
4139, #t, 
4140, #f, 
4141, #f, 
4142, #f, 
4143, #f, 
4144, #f, 
4145, #f, 
4146, #f, 
4147, #f, 
4148, #f, 
4149, #f, 
4150, #f, 
4151, #f, 
4152, #f, 
4153, #t, 
4154, #f, 
4155, #f, 
4156, #f, 
4157, #t, 
4158, #f, 
4159, #t, 
4160, #f, 
4161, #f, 
4162, #f, 
4163, #f, 
4164, #f, 
4165, #f, 
4166, #f, 
4167, #f, 
4168, #f, 
4169, #f, 
4170, #f, 
4171, #f, 
4172, #f, 
4173, #f, 
4174, #f, 
4175, #f, 
4176, #f, 
4177, #t, 
4178, #f, 
4179, #f, 
4180, #f, 
4181, #f, 
4182, #f, 
4183, #f, 
4184, #f, 
4185, #f, 
4186, #f, 
4187, #f, 
4188, #f, 
4189, #f, 
4190, #f, 
4191, #f, 
4192, #f, 
4193, #f, 
4194, #f, 
4195, #f, 
4196, #f, 
4197, #f, 
4198, #f, 
4199, #f, 
4200, #f, 
4201, #t, 
4202, #f, 
4203, #f, 
4204, #f, 
4205, #f, 
4206, #f, 
4207, #f, 
4208, #f, 
4209, #f, 
4210, #f, 
4211, #t, 
4212, #f, 
4213, #f, 
4214, #f, 
4215, #f, 
4216, #f, 
4217, #t, 
4218, #f, 
4219, #t, 
4220, #f, 
4221, #f, 
4222, #f, 
4223, #f, 
4224, #f, 
4225, #f, 
4226, #f, 
4227, #f, 
4228, #f, 
4229, #t, 
4230, #f, 
4231, #t, 
4232, #f, 
4233, #f, 
4234, #f, 
4235, #f, 
4236, #f, 
4237, #f, 
4238, #f, 
4239, #f, 
4240, #f, 
4241, #t, 
4242, #f, 
4243, #t, 
4244, #f, 
4245, #f, 
4246, #f, 
4247, #f, 
4248, #f, 
4249, #f, 
4250, #f, 
4251, #f, 
4252, #f, 
4253, #t, 
4254, #f, 
4255, #f, 
4256, #f, 
4257, #f, 
4258, #f, 
4259, #t, 
4260, #f, 
4261, #t, 
4262, #f, 
4263, #f, 
4264, #f, 
4265, #f, 
4266, #f, 
4267, #f, 
4268, #f, 
4269, #f, 
4270, #f, 
4271, #t, 
4272, #f, 
4273, #t, 
4274, #f, 
4275, #f, 
4276, #f, 
4277, #f, 
4278, #f, 
4279, #f, 
4280, #f, 
4281, #f, 
4282, #f, 
4283, #t, 
4284, #f, 
4285, #f, 
4286, #f, 
4287, #f, 
4288, #f, 
4289, #t, 
4290, #f, 
4291, #f, 
4292, #f, 
4293, #f, 
4294, #f, 
4295, #f, 
4296, #f, 
4297, #t, 
4298, #f, 
4299, #f, 
4300, #f, 
4301, #f, 
4302, #f, 
4303, #f, 
4304, #f, 
4305, #f, 
4306, #f, 
4307, #f, 
4308, #f, 
4309, #f, 
4310, #f, 
4311, #f, 
4312, #f, 
4313, #f, 
4314, #f, 
4315, #f, 
4316, #f, 
4317, #f, 
4318, #f, 
4319, #f, 
4320, #f, 
4321, #f, 
4322, #f, 
4323, #f, 
4324, #f, 
4325, #f, 
4326, #f, 
4327, #t, 
4328, #f, 
4329, #f, 
4330, #f, 
4331, #f, 
4332, #f, 
4333, #f, 
4334, #f, 
4335, #f, 
4336, #f, 
4337, #t, 
4338, #f, 
4339, #t, 
4340, #f, 
4341, #f, 
4342, #f, 
4343, #f, 
4344, #f, 
4345, #f, 
4346, #f, 
4347, #f, 
4348, #f, 
4349, #t, 
4350, #f, 
4351, #f, 
4352, #f, 
4353, #f, 
4354, #f, 
4355, #f, 
4356, #f, 
4357, #t, 
4358, #f, 
4359, #f, 
4360, #f, 
4361, #f, 
4362, #f, 
4363, #t, 
4364, #f, 
4365, #f, 
4366, #f, 
4367, #f, 
4368, #f, 
4369, #f, 
4370, #f, 
4371, #f, 
4372, #f, 
4373, #t, 
4374, #f, 
4375, #f, 
4376, #f, 
4377, #f, 
4378, #f, 
4379, #f, 
4380, #f, 
4381, #f, 
4382, #f, 
4383, #f, 
4384, #f, 
4385, #f, 
4386, #f, 
4387, #f, 
4388, #f, 
4389, #f, 
4390, #f, 
4391, #t, 
4392, #f, 
4393, #f, 
4394, #f, 
4395, #f, 
4396, #f, 
4397, #t, 
4398, #f, 
4399, #f, 
4400, #f, 
4401, #f, 
4402, #f, 
4403, #f, 
4404, #f, 
4405, #f, 
4406, #f, 
4407, #f, 
4408, #f, 
4409, #t, 
4410, #f, 
4411, #f, 
4412, #f, 
4413, #f, 
4414, #f, 
4415, #f, 
4416, #f, 
4417, #f, 
4418, #f, 
4419, #f, 
4420, #f, 
4421, #t, 
4422, #f, 
4423, #t, 
4424, #f, 
4425, #f, 
4426, #f, 
4427, #f, 
4428, #f, 
4429, #f, 
4430, #f, 
4431, #f, 
4432, #f, 
4433, #f, 
4434, #f, 
4435, #f, 
4436, #f, 
4437, #f, 
4438, #f, 
4439, #f, 
4440, #f, 
4441, #t, 
4442, #f, 
4443, #f, 
4444, #f, 
4445, #f, 
4446, #f, 
4447, #t, 
4448, #f, 
4449, #f, 
4450, #f, 
4451, #t, 
4452, #f, 
4453, #f, 
4454, #f, 
4455, #f, 
4456, #f, 
4457, #t, 
4458, #f, 
4459, #f, 
4460, #f, 
4461, #f, 
4462, #f, 
4463, #t, 
4464, #f, 
4465, #f, 
4466, #f, 
4467, #f, 
4468, #f, 
4469, #f, 
4470, #f, 
4471, #f, 
4472, #f, 
4473, #f, 
4474, #f, 
4475, #f, 
4476, #f, 
4477, #f, 
4478, #f, 
4479, #f, 
4480, #f, 
4481, #t, 
4482, #f, 
4483, #t, 
4484, #f, 
4485, #f, 
4486, #f, 
4487, #f, 
4488, #f, 
4489, #f, 
4490, #f, 
4491, #f, 
4492, #f, 
4493, #t, 
4494, #f, 
4495, #f, 
4496, #f, 
4497, #f, 
4498, #f, 
4499, #f, 
4500, #f, 
4501, #f, 
4502, #f, 
4503, #f, 
4504, #f, 
4505, #f, 
4506, #f, 
4507, #t, 
4508, #f, 
4509, #f, 
4510, #f, 
4511, #f, 
4512, #f, 
4513, #t, 
4514, #f, 
4515, #f, 
4516, #f, 
4517, #t, 
4518, #f, 
4519, #t, 
4520, #f, 
4521, #f, 
4522, #f, 
4523, #t, 
4524, #f, 
4525, #f, 
4526, #f, 
4527, #f, 
4528, #f, 
4529, #f, 
4530, #f, 
4531, #f, 
4532, #f, 
4533, #f, 
4534, #f, 
4535, #f, 
4536, #f, 
4537, #f, 
4538, #f, 
4539, #f, 
4540, #f, 
4541, #f, 
4542, #f, 
4543, #f, 
4544, #f, 
4545, #f, 
4546, #f, 
4547, #t, 
4548, #f, 
4549, #t, 
4550, #f, 
4551, #f, 
4552, #f, 
4553, #f, 
4554, #f, 
4555, #f, 
4556, #f, 
4557, #f, 
4558, #f, 
4559, #f, 
4560, #f, 
4561, #t, 
4562, #f, 
4563, #f, 
4564, #f, 
4565, #f, 
4566, #f, 
4567, #t, 
4568, #f, 
4569, #f, 
4570, #f, 
4571, #f, 
4572, #f, 
4573, #f, 
4574, #f, 
4575, #f, 
4576, #f, 
4577, #f, 
4578, #f, 
4579, #f, 
4580, #f, 
4581, #f, 
4582, #f, 
4583, #t, 
4584, #f, 
4585, #f, 
4586, #f, 
4587, #f, 
4588, #f, 
4589, #f, 
4590, #f, 
4591, #t, 
4592, #f, 
4593, #f, 
4594, #f, 
4595, #f, 
4596, #f, 
4597, #t, 
4598, #f, 
4599, #f, 
4600, #f, 
4601, #f, 
4602, #f, 
4603, #t, 
4604, #f, 
4605, #f, 
4606, #f, 
4607, #f, 
4608, #f, 
4609, #f, 
4610, #f, 
4611, #f, 
4612, #f, 
4613, #f, 
4614, #f, 
4615, #f, 
4616, #f, 
4617, #f, 
4618, #f, 
4619, #f, 
4620, #f, 
4621, #t, 
4622, #f, 
4623, #f, 
4624, #f, 
4625, #f, 
4626, #f, 
4627, #f, 
4628, #f, 
4629, #f, 
4630, #f, 
4631, #f, 
4632, #f, 
4633, #f, 
4634, #f, 
4635, #f, 
4636, #f, 
4637, #t, 
4638, #f, 
4639, #t, 
4640, #f, 
4641, #f, 
4642, #f, 
4643, #t, 
4644, #f, 
4645, #f, 
4646, #f, 
4647, #f, 
4648, #f, 
4649, #t, 
4650, #f, 
4651, #t, 
4652, #f, 
4653, #f, 
4654, #f, 
4655, #f, 
4656, #f, 
4657, #t, 
4658, #f, 
4659, #f, 
4660, #f, 
4661, #f, 
4662, #f, 
4663, #t, 
4664, #f, 
4665, #f, 
4666, #f, 
4667, #f, 
4668, #f, 
4669, #f, 
4670, #f, 
4671, #f, 
4672, #f, 
4673, #t, 
4674, #f, 
4675, #f, 
4676, #f, 
4677, #f, 
4678, #f, 
4679, #t, 
4680, #f, 
4681, #f, 
4682, #f, 
4683, #f, 
4684, #f, 
4685, #f, 
4686, #f, 
4687, #f, 
4688, #f, 
4689, #f, 
4690, #f, 
4691, #t, 
4692, #f, 
4693, #f, 
4694, #f, 
4695, #f, 
4696, #f, 
4697, #f, 
4698, #f, 
4699, #f, 
4700, #f, 
4701, #f, 
4702, #f, 
4703, #t, 
4704, #f, 
4705, #f, 
4706, #f, 
4707, #f, 
4708, #f, 
4709, #f, 
4710, #f, 
4711, #f, 
4712, #f, 
4713, #f, 
4714, #f, 
4715, #f, 
4716, #f, 
4717, #f, 
4718, #f, 
4719, #f, 
4720, #f, 
4721, #t, 
4722, #f, 
4723, #t, 
4724, #f, 
4725, #f, 
4726, #f, 
4727, #f, 
4728, #f, 
4729, #t, 
4730, #f, 
4731, #f, 
4732, #f, 
4733, #t, 
4734, #f, 
4735, #f, 
4736, #f, 
4737, #f, 
4738, #f, 
4739, #f, 
4740, #f, 
4741, #f, 
4742, #f, 
4743, #f, 
4744, #f, 
4745, #f, 
4746, #f, 
4747, #f, 
4748, #f, 
4749, #f, 
4750, #f, 
4751, #t, 
4752, #f, 
4753, #f, 
4754, #f, 
4755, #f, 
4756, #f, 
4757, #f, 
4758, #f, 
4759, #t, 
4760, #f, 
4761, #f, 
4762, #f, 
4763, #f, 
4764, #f, 
4765, #f, 
4766, #f, 
4767, #f, 
4768, #f, 
4769, #f, 
4770, #f, 
4771, #f, 
4772, #f, 
4773, #f, 
4774, #f, 
4775, #f, 
4776, #f, 
4777, #f, 
4778, #f, 
4779, #f, 
4780, #f, 
4781, #f, 
4782, #f, 
4783, #t, 
4784, #f, 
4785, #f, 
4786, #f, 
4787, #t, 
4788, #f, 
4789, #t, 
4790, #f, 
4791, #f, 
4792, #f, 
4793, #t, 
4794, #f, 
4795, #f, 
4796, #f, 
4797, #f, 
4798, #f, 
4799, #t, 
4800, #f, 
4801, #t, 
4802, #f, 
4803, #f, 
4804, #f, 
4805, #f, 
4806, #f, 
4807, #f, 
4808, #f, 
4809, #f, 
4810, #f, 
4811, #f, 
4812, #f, 
4813, #t, 
4814, #f, 
4815, #f, 
4816, #f, 
4817, #t, 
4818, #f, 
4819, #f, 
4820, #f, 
4821, #f, 
4822, #f, 
4823, #f, 
4824, #f, 
4825, #f, 
4826, #f, 
4827, #f, 
4828, #f, 
4829, #f, 
4830, #f, 
4831, #t, 
4832, #f, 
4833, #f, 
4834, #f, 
4835, #f, 
4836, #f, 
4837, #f, 
4838, #f, 
4839, #f, 
4840, #f, 
4841, #f, 
4842, #f, 
4843, #f, 
4844, #f, 
4845, #f, 
4846, #f, 
4847, #f, 
4848, #f, 
4849, #f, 
4850, #f, 
4851, #f, 
4852, #f, 
4853, #f, 
4854, #f, 
4855, #f, 
4856, #f, 
4857, #f, 
4858, #f, 
4859, #f, 
4860, #f, 
4861, #t, 
4862, #f, 
4863, #f, 
4864, #f, 
4865, #f, 
4866, #f, 
4867, #f, 
4868, #f, 
4869, #f, 
4870, #f, 
4871, #t, 
4872, #f, 
4873, #f, 
4874, #f, 
4875, #f, 
4876, #f, 
4877, #t, 
4878, #f, 
4879, #f, 
4880, #f, 
4881, #f, 
4882, #f, 
4883, #f, 
4884, #f, 
4885, #f, 
4886, #f, 
4887, #f, 
4888, #f, 
4889, #t, 
4890, #f, 
4891, #f, 
4892, #f, 
4893, #f, 
4894, #f, 
4895, #f, 
4896, #f, 
4897, #f, 
4898, #f, 
4899, #f, 
4900, #f, 
4901, #f, 
4902, #f, 
4903, #t, 
4904, #f, 
4905, #f, 
4906, #f, 
4907, #f, 
4908, #f, 
4909, #t, 
4910, #f, 
4911, #f, 
4912, #f, 
4913, #f, 
4914, #f, 
4915, #f, 
4916, #f, 
4917, #f, 
4918, #f, 
4919, #t, 
4920, #f, 
4921, #f, 
4922, #f, 
4923, #f, 
4924, #f, 
4925, #f, 
4926, #f, 
4927, #f, 
4928, #f, 
4929, #f, 
4930, #f, 
4931, #t, 
4932, #f, 
4933, #t, 
4934, #f, 
4935, #f, 
4936, #f, 
4937, #t, 
4938, #f, 
4939, #f, 
4940, #f, 
4941, #f, 
4942, #f, 
4943, #t, 
4944, #f, 
4945, #f, 
4946, #f, 
4947, #f, 
4948, #f, 
4949, #f, 
4950, #f, 
4951, #t, 
4952, #f, 
4953, #f, 
4954, #f, 
4955, #f, 
4956, #f, 
4957, #t, 
4958, #f, 
4959, #f, 
4960, #f, 
4961, #f, 
4962, #f, 
4963, #f, 
4964, #f, 
4965, #f, 
4966, #f, 
4967, #t, 
4968, #f, 
4969, #t, 
4970, #f, 
4971, #f, 
4972, #f, 
4973, #t, 
4974, #f, 
4975, #f, 
4976, #f, 
4977, #f, 
4978, #f, 
4979, #f, 
4980, #f, 
4981, #f, 
4982, #f, 
4983, #f, 
4984, #f, 
4985, #f, 
4986, #f, 
4987, #t, 
4988, #f, 
4989, #f, 
4990, #f, 
4991, #f, 
4992, #f, 
4993, #t, 
4994, #f, 
4995, #f, 
4996, #f, 
4997, #f, 
4998, #f, 
4999, #t, 
5000, #f, 
5001, #f, 
5002, #f, 
5003, #t, 
5004, #f, 
5005, #f, 
5006, #f, 
5007, #f, 
5008, #f, 
5009, #t, 
5010, #f, 
5011, #t, 
5012, #f, 
5013, #f, 
5014, #f, 
5015, #f, 
5016, #f, 
5017, #f, 
5018, #f, 
5019, #f, 
5020, #f, 
5021, #t, 
5022, #f, 
5023, #t, 
5024, #f, 
5025, #f, 
5026, #f, 
5027, #f, 
5028, #f, 
5029, #f, 
5030, #f, 
5031, #f, 
5032, #f, 
5033, #f, 
5034, #f, 
5035, #f, 
5036, #f, 
5037, #f, 
5038, #f, 
5039, #t, 
5040, #f, 
5041, #f, 
5042, #f, 
5043, #f, 
5044, #f, 
5045, #f, 
5046, #f, 
5047, #f, 
5048, #f, 
5049, #f, 
5050, #f, 
5051, #t, 
5052, #f, 
5053, #f, 
5054, #f, 
5055, #f, 
5056, #f, 
5057, #f, 
5058, #f, 
5059, #t, 
5060, #f, 
5061, #f, 
5062, #f, 
5063, #f, 
5064, #f, 
5065, #f, 
5066, #f, 
5067, #f, 
5068, #f, 
5069, #f, 
5070, #f, 
5071, #f, 
5072, #f, 
5073, #f, 
5074, #f, 
5075, #f, 
5076, #f, 
5077, #t, 
5078, #f, 
5079, #f, 
5080, #f, 
5081, #t, 
5082, #f, 
5083, #f, 
5084, #f, 
5085, #f, 
5086, #f, 
5087, #t, 
5088, #f, 
5089, #f, 
5090, #f, 
5091, #f, 
5092, #f, 
5093, #f, 
5094, #f, 
5095, #f, 
5096, #f, 
5097, #f, 
5098, #f, 
5099, #t, 
5100, #f, 
5101, #t, 
5102, #f, 
5103, #f, 
5104, #f, 
5105, #f, 
5106, #f, 
5107, #t, 
5108, #f, 
5109, #f, 
5110, #f, 
5111, #f, 
5112, #f, 
5113, #t, 
5114, #f, 
5115, #f, 
5116, #f, 
5117, #f, 
5118, #f, 
5119, #t, 
5120, #f, 
5121, #f, 
5122, #f, 
5123, #f, 
5124, #f, 
5125, #f, 
5126, #f, 
5127, #f, 
5128, #f, 
5129, #f, 
5130, #f, 
5131, #f, 
5132, #f, 
5133, #f, 
5134, #f, 
5135, #f, 
5136, #f, 
5137, #f, 
5138, #f, 
5139, #f, 
5140, #f, 
5141, #f, 
5142, #f, 
5143, #f, 
5144, #f, 
5145, #f, 
5146, #f, 
5147, #t, 
5148, #f, 
5149, #f, 
5150, #f, 
5151, #f, 
5152, #f, 
5153, #t, 
5154, #f, 
5155, #f, 
5156, #f, 
5157, #f, 
5158, #f, 
5159, #f, 
5160, #f, 
5161, #f, 
5162, #f, 
5163, #f, 
5164, #f, 
5165, #f, 
5166, #f, 
5167, #t, 
5168, #f, 
5169, #f, 
5170, #f, 
5171, #t, 
5172, #f, 
5173, #f, 
5174, #f, 
5175, #f, 
5176, #f, 
5177, #f, 
5178, #f, 
5179, #t, 
5180, #f, 
5181, #f, 
5182, #f, 
5183, #f, 
5184, #f, 
5185, #f, 
5186, #f, 
5187, #f, 
5188, #f, 
5189, #t, 
5190, #f, 
5191, #f, 
5192, #f, 
5193, #f, 
5194, #f, 
5195, #f, 
5196, #f, 
5197, #t, 
5198, #f, 
5199, #f, 
5200, #f, 
5201, #f, 
5202, #f, 
5203, #f, 
5204, #f, 
5205, #f, 
5206, #f, 
5207, #f, 
5208, #f, 
5209, #t, 
5210, #f, 
5211, #f, 
5212, #f, 
5213, #f, 
5214, #f, 
5215, #f, 
5216, #f, 
5217, #f, 
5218, #f, 
5219, #f, 
5220, #f, 
5221, #f, 
5222, #f, 
5223, #f, 
5224, #f, 
5225, #f, 
5226, #f, 
5227, #t, 
5228, #f, 
5229, #f, 
5230, #f, 
5231, #t, 
5232, #f, 
5233, #t, 
5234, #f, 
5235, #f, 
5236, #f, 
5237, #t, 
5238, #f, 
5239, #f, 
5240, #f, 
5241, #f, 
5242, #f, 
5243, #f, 
5244, #f, 
5245, #f, 
5246, #f, 
5247, #f, 
5248, #f, 
5249, #f, 
5250, #f, 
5251, #f, 
5252, #f, 
5253, #f, 
5254, #f, 
5255, #f, 
5256, #f, 
5257, #f, 
5258, #f, 
5259, #f, 
5260, #f, 
5261, #t, 
5262, #f, 
5263, #f, 
5264, #f, 
5265, #f, 
5266, #f, 
5267, #f, 
5268, #f, 
5269, #f, 
5270, #f, 
5271, #f, 
5272, #f, 
5273, #t, 
5274, #f, 
5275, #f, 
5276, #f, 
5277, #f, 
5278, #f, 
5279, #t, 
5280, #f, 
5281, #t, 
5282, #f, 
5283, #f, 
5284, #f, 
5285, #f, 
5286, #f, 
5287, #f, 
5288, #f, 
5289, #f, 
5290, #f, 
5291, #f, 
5292, #f, 
5293, #f, 
5294, #f, 
5295, #f, 
5296, #f, 
5297, #t, 
5298, #f, 
5299, #f, 
5300, #f, 
5301, #f, 
5302, #f, 
5303, #t, 
5304, #f, 
5305, #f, 
5306, #f, 
5307, #f, 
5308, #f, 
5309, #t, 
5310, #f, 
5311, #f, 
5312, #f, 
5313, #f, 
5314, #f, 
5315, #f, 
5316, #f, 
5317, #f, 
5318, #f, 
5319, #f, 
5320, #f, 
5321, #f, 
5322, #f, 
5323, #t, 
5324, #f, 
5325, #f, 
5326, #f, 
5327, #f, 
5328, #f, 
5329, #f, 
5330, #f, 
5331, #f, 
5332, #f, 
5333, #t, 
5334, #f, 
5335, #f, 
5336, #f, 
5337, #f, 
5338, #f, 
5339, #f, 
5340, #f, 
5341, #f, 
5342, #f, 
5343, #f, 
5344, #f, 
5345, #f, 
5346, #f, 
5347, #t, 
5348, #f, 
5349, #f, 
5350, #f, 
5351, #t, 
5352, #f, 
5353, #f, 
5354, #f, 
5355, #f, 
5356, #f, 
5357, #f, 
5358, #f, 
5359, #f, 
5360, #f, 
5361, #f, 
5362, #f, 
5363, #f, 
5364, #f, 
5365, #f, 
5366, #f, 
5367, #f, 
5368, #f, 
5369, #f, 
5370, #f, 
5371, #f, 
5372, #f, 
5373, #f, 
5374, #f, 
5375, #f, 
5376, #f, 
5377, #f, 
5378, #f, 
5379, #f, 
5380, #f, 
5381, #t, 
5382, #f, 
5383, #f, 
5384, #f, 
5385, #f, 
5386, #f, 
5387, #t, 
5388, #f, 
5389, #f, 
5390, #f, 
5391, #f, 
5392, #f, 
5393, #t, 
5394, #f, 
5395, #f, 
5396, #f, 
5397, #f, 
5398, #f, 
5399, #t, 
5400, #f, 
5401, #f, 
5402, #f, 
5403, #f, 
5404, #f, 
5405, #f, 
5406, #f, 
5407, #t, 
5408, #f, 
5409, #f, 
5410, #f, 
5411, #f, 
5412, #f, 
5413, #t, 
5414, #f, 
5415, #f, 
5416, #f, 
5417, #t, 
5418, #f, 
5419, #t, 
5420, #f, 
5421, #f, 
5422, #f, 
5423, #f, 
5424, #f, 
5425, #f, 
5426, #f, 
5427, #f, 
5428, #f, 
5429, #f, 
5430, #f, 
5431, #t, 
5432, #f, 
5433, #f, 
5434, #f, 
5435, #f, 
5436, #f, 
5437, #t, 
5438, #f, 
5439, #f, 
5440, #f, 
5441, #t, 
5442, #f, 
5443, #t, 
5444, #f, 
5445, #f, 
5446, #f, 
5447, #f, 
5448, #f, 
5449, #t, 
5450, #f, 
5451, #f, 
5452, #f, 
5453, #f, 
5454, #f, 
5455, #f, 
5456, #f, 
5457, #f, 
5458, #f, 
5459, #f, 
5460, #f, 
5461, #f, 
5462, #f, 
5463, #f, 
5464, #f, 
5465, #f, 
5466, #f, 
5467, #f, 
5468, #f, 
5469, #f, 
5470, #f, 
5471, #t, 
5472, #f, 
5473, #f, 
5474, #f, 
5475, #f, 
5476, #f, 
5477, #t, 
5478, #f, 
5479, #t, 
5480, #f, 
5481, #f, 
5482, #f, 
5483, #t, 
5484, #f, 
5485, #f, 
5486, #f, 
5487, #f, 
5488, #f, 
5489, #f, 
5490, #f, 
5491, #f, 
5492, #f, 
5493, #f, 
5494, #f, 
5495, #f, 
5496, #f, 
5497, #f, 
5498, #f, 
5499, #f, 
5500, #f, 
5501, #t, 
5502, #f, 
5503, #t, 
5504, #f, 
5505, #f, 
5506, #f, 
5507, #t, 
5508, #f, 
5509, #f, 
5510, #f, 
5511, #f, 
5512, #f, 
5513, #f, 
5514, #f, 
5515, #f, 
5516, #f, 
5517, #f, 
5518, #f, 
5519, #t, 
5520, #f, 
5521, #t, 
5522, #f, 
5523, #f, 
5524, #f, 
5525, #f, 
5526, #f, 
5527, #t, 
5528, #f, 
5529, #f, 
5530, #f, 
5531, #t, 
5532, #f, 
5533, #f, 
5534, #f, 
5535, #f, 
5536, #f, 
5537, #f, 
5538, #f, 
5539, #f, 
5540, #f, 
5541, #f, 
5542, #f, 
5543, #f, 
5544, #f, 
5545, #f, 
5546, #f, 
5547, #f, 
5548, #f, 
5549, #f, 
5550, #f, 
5551, #f, 
5552, #f, 
5553, #f, 
5554, #f, 
5555, #f, 
5556, #f, 
5557, #t, 
5558, #f, 
5559, #f, 
5560, #f, 
5561, #f, 
5562, #f, 
5563, #t, 
5564, #f, 
5565, #f, 
5566, #f, 
5567, #f, 
5568, #f, 
5569, #t, 
5570, #f, 
5571, #f, 
5572, #f, 
5573, #t, 
5574, #f, 
5575, #f, 
5576, #f, 
5577, #f, 
5578, #f, 
5579, #f, 
5580, #f, 
5581, #t, 
5582, #f, 
5583, #f, 
5584, #f, 
5585, #f, 
5586, #f, 
5587, #f, 
5588, #f, 
5589, #f, 
5590, #f, 
5591, #t, 
5592, #f, 
5593, #f, 
5594, #f, 
5595, #f, 
5596, #f, 
5597, #f, 
5598, #f, 
5599, #f, 
5600, #f, 
5601, #f, 
5602, #f, 
5603, #f, 
5604, #f, 
5605, #f, 
5606, #f, 
5607, #f, 
5608, #f, 
5609, #f, 
5610, #f, 
5611, #f, 
5612, #f, 
5613, #f, 
5614, #f, 
5615, #f, 
5616, #f, 
5617, #f, 
5618, #f, 
5619, #f, 
5620, #f, 
5621, #f, 
5622, #f, 
5623, #t, 
5624, #f, 
5625, #f, 
5626, #f, 
5627, #f, 
5628, #f, 
5629, #f, 
5630, #f, 
5631, #f, 
5632, #f, 
5633, #f, 
5634, #f, 
5635, #f, 
5636, #f, 
5637, #f, 
5638, #f, 
5639, #t, 
5640, #f, 
5641, #t, 
5642, #f, 
5643, #f, 
5644, #f, 
5645, #f, 
5646, #f, 
5647, #t, 
5648, #f, 
5649, #f, 
5650, #f, 
5651, #t, 
5652, #f, 
5653, #t, 
5654, #f, 
5655, #f, 
5656, #f, 
5657, #t, 
5658, #f, 
5659, #t, 
5660, #f, 
5661, #f, 
5662, #f, 
5663, #f, 
5664, #f, 
5665, #f, 
5666, #f, 
5667, #f, 
5668, #f, 
5669, #t, 
5670, #f, 
5671, #f, 
5672, #f, 
5673, #f, 
5674, #f, 
5675, #f, 
5676, #f, 
5677, #f, 
5678, #f, 
5679, #f, 
5680, #f, 
5681, #f, 
5682, #f, 
5683, #t, 
5684, #f, 
5685, #f, 
5686, #f, 
5687, #f, 
5688, #f, 
5689, #t, 
5690, #f, 
5691, #f, 
5692, #f, 
5693, #t, 
5694, #f, 
5695, #f, 
5696, #f, 
5697, #f, 
5698, #f, 
5699, #f, 
5700, #f, 
5701, #t, 
5702, #f, 
5703, #f, 
5704, #f, 
5705, #f, 
5706, #f, 
5707, #f, 
5708, #f, 
5709, #f, 
5710, #f, 
5711, #t, 
5712, #f, 
5713, #f, 
5714, #f, 
5715, #f, 
5716, #f, 
5717, #t, 
5718, #f, 
5719, #f, 
5720, #f, 
5721, #f, 
5722, #f, 
5723, #f, 
5724, #f, 
5725, #f, 
5726, #f, 
5727, #f, 
5728, #f, 
5729, #f, 
5730, #f, 
5731, #f, 
5732, #f, 
5733, #f, 
5734, #f, 
5735, #f, 
5736, #f, 
5737, #t, 
5738, #f, 
5739, #f, 
5740, #f, 
5741, #t, 
5742, #f, 
5743, #t, 
5744, #f, 
5745, #f, 
5746, #f, 
5747, #f, 
5748, #f, 
5749, #t, 
5750, #f, 
5751, #f, 
5752, #f, 
5753, #f, 
5754, #f, 
5755, #f, 
5756, #f, 
5757, #f, 
5758, #f, 
5759, #f, 
5760, #f, 
5761, #f, 
5762, #f, 
5763, #f, 
5764, #f, 
5765, #f, 
5766, #f, 
5767, #f, 
5768, #f, 
5769, #f, 
5770, #f, 
5771, #f, 
5772, #f, 
5773, #f, 
5774, #f, 
5775, #f, 
5776, #f, 
5777, #f, 
5778, #f, 
5779, #t, 
5780, #f, 
5781, #f, 
5782, #f, 
5783, #t, 
5784, #f, 
5785, #f, 
5786, #f, 
5787, #f, 
5788, #f, 
5789, #f, 
5790, #f, 
5791, #t, 
5792, #f, 
5793, #f, 
5794, #f, 
5795, #f, 
5796, #f, 
5797, #f, 
5798, #f, 
5799, #f, 
5800, #f, 
5801, #t, 
5802, #f, 
5803, #f, 
5804, #f, 
5805, #f, 
5806, #f, 
5807, #t, 
5808, #f, 
5809, #f, 
5810, #f, 
5811, #f, 
5812, #f, 
5813, #t, 
5814, #f, 
5815, #f, 
5816, #f, 
5817, #f, 
5818, #f, 
5819, #f, 
5820, #f, 
5821, #t, 
5822, #f, 
5823, #f, 
5824, #f, 
5825, #f, 
5826, #f, 
5827, #t, 
5828, #f, 
5829, #f, 
5830, #f, 
5831, #f, 
5832, #f, 
5833, #f, 
5834, #f, 
5835, #f, 
5836, #f, 
5837, #f, 
5838, #f, 
5839, #t, 
5840, #f, 
5841, #f, 
5842, #f, 
5843, #t, 
5844, #f, 
5845, #f, 
5846, #f, 
5847, #f, 
5848, #f, 
5849, #t, 
5850, #f, 
5851, #t, 
5852, #f, 
5853, #f, 
5854, #f, 
5855, #f, 
5856, #f, 
5857, #t, 
5858, #f, 
5859, #f, 
5860, #f, 
5861, #t, 
5862, #f, 
5863, #f, 
5864, #f, 
5865, #f, 
5866, #f, 
5867, #t, 
5868, #f, 
5869, #t, 
5870, #f, 
5871, #f, 
5872, #f, 
5873, #f, 
5874, #f, 
5875, #f, 
5876, #f, 
5877, #f, 
5878, #f, 
5879, #t, 
5880, #f, 
5881, #t, 
5882, #f, 
5883, #f, 
5884, #f, 
5885, #f, 
5886, #f, 
5887, #f, 
5888, #f, 
5889, #f, 
5890, #f, 
5891, #f, 
5892, #f, 
5893, #f, 
5894, #f, 
5895, #f, 
5896, #f, 
5897, #t, 
5898, #f, 
5899, #f, 
5900, #f, 
5901, #f, 
5902, #f, 
5903, #t, 
5904, #f, 
5905, #f, 
5906, #f, 
5907, #f, 
5908, #f, 
5909, #f, 
5910, #f, 
5911, #f, 
5912, #f, 
5913, #f, 
5914, #f, 
5915, #f, 
5916, #f, 
5917, #f, 
5918, #f, 
5919, #f, 
5920, #f, 
5921, #f, 
5922, #f, 
5923, #t, 
5924, #f, 
5925, #f, 
5926, #f, 
5927, #t, 
5928, #f, 
5929, #f, 
5930, #f, 
5931, #f, 
5932, #f, 
5933, #f, 
5934, #f, 
5935, #f, 
5936, #f, 
5937, #f, 
5938, #f, 
5939, #t, 
5940, #f, 
5941, #f, 
5942, #f, 
5943, #f, 
5944, #f, 
5945, #f, 
5946, #f, 
5947, #f, 
5948, #f, 
5949, #f, 
5950, #f, 
5951, #f, 
5952, #f, 
5953, #t, 
5954, #f, 
5955, #f, 
5956, #f, 
5957, #f, 
5958, #f, 
5959, #f, 
5960, #f, 
5961, #f, 
5962, #f, 
5963, #f, 
5964, #f, 
5965, #f, 
5966, #f, 
5967, #f, 
5968, #f, 
5969, #f, 
5970, #f, 
5971, #f, 
5972, #f, 
5973, #f, 
5974, #f, 
5975, #f, 
5976, #f, 
5977, #f, 
5978, #f, 
5979, #f, 
5980, #f, 
5981, #t, 
5982, #f, 
5983, #f, 
5984, #f, 
5985, #f, 
5986, #f, 
5987, #t, 
5988, #f, 
5989, #f, 
5990, #f, 
5991, #f, 
5992, #f, 
5993, #f, 
5994, #f, 
5995, #f, 
5996, #f, 
5997, #f, 
5998, #f, 
5999, #f, 
6000, #f, 
6001, #f, 
6002, #f, 
6003, #f, 
6004, #f, 
6005, #f, 
6006, #f, 
6007, #t, 
6008, #f, 
6009, #f, 
6010, #f, 
6011, #t, 
6012, #f, 
6013, #f, 
6014, #f, 
6015, #f, 
6016, #f, 
6017, #f, 
6018, #f, 
6019, #f, 
6020, #f, 
6021, #f, 
6022, #f, 
6023, #f, 
6024, #f, 
6025, #f, 
6026, #f, 
6027, #f, 
6028, #f, 
6029, #t, 
6030, #f, 
6031, #f, 
6032, #f, 
6033, #f, 
6034, #f, 
6035, #f, 
6036, #f, 
6037, #t, 
6038, #f, 
6039, #f, 
6040, #f, 
6041, #f, 
6042, #f, 
6043, #t, 
6044, #f, 
6045, #f, 
6046, #f, 
6047, #t, 
6048, #f, 
6049, #f, 
6050, #f, 
6051, #f, 
6052, #f, 
6053, #t, 
6054, #f, 
6055, #f, 
6056, #f, 
6057, #f, 
6058, #f, 
6059, #f, 
6060, #f, 
6061, #f, 
6062, #f, 
6063, #f, 
6064, #f, 
6065, #f, 
6066, #f, 
6067, #t, 
6068, #f, 
6069, #f, 
6070, #f, 
6071, #f, 
6072, #f, 
6073, #t, 
6074, #f, 
6075, #f, 
6076, #f, 
6077, #f, 
6078, #f, 
6079, #t, 
6080, #f, 
6081, #f, 
6082, #f, 
6083, #f, 
6084, #f, 
6085, #f, 
6086, #f, 
6087, #f, 
6088, #f, 
6089, #t, 
6090, #f, 
6091, #t, 
6092, #f, 
6093, #f, 
6094, #f, 
6095, #f, 
6096, #f, 
6097, #f, 
6098, #f, 
6099, #f, 
6100, #f, 
6101, #t, 
6102, #f, 
6103, #f, 
6104, #f, 
6105, #f, 
6106, #f, 
6107, #f, 
6108, #f, 
6109, #f, 
6110, #f, 
6111, #f, 
6112, #f, 
6113, #t, 
6114, #f, 
6115, #f, 
6116, #f, 
6117, #f, 
6118, #f, 
6119, #f, 
6120, #f, 
6121, #t, 
6122, #f, 
6123, #f, 
6124, #f, 
6125, #f, 
6126, #f, 
6127, #f, 
6128, #f, 
6129, #f, 
6130, #f, 
6131, #t, 
6132, #f, 
6133, #t, 
6134, #f, 
6135, #f, 
6136, #f, 
6137, #f, 
6138, #f, 
6139, #f, 
6140, #f, 
6141, #f, 
6142, #f, 
6143, #t, 
6144, #f, 
6145, #f, 
6146, #f, 
6147, #f, 
6148, #f, 
6149, #f, 
6150, #f, 
6151, #t, 
6152, #f, 
6153, #f, 
6154, #f, 
6155, #f, 
6156, #f, 
6157, #f, 
6158, #f, 
6159, #f, 
6160, #f, 
6161, #f, 
6162, #f, 
6163, #t, 
6164, #f, 
6165, #f, 
6166, #f, 
6167, #f, 
6168, #f, 
6169, #f, 
6170, #f, 
6171, #f, 
6172, #f, 
6173, #t, 
6174, #f, 
6175, #f, 
6176, #f, 
6177, #f, 
6178, #f, 
6179, #f, 
6180, #f, 
6181, #f, 
6182, #f, 
6183, #f, 
6184, #f, 
6185, #f, 
6186, #f, 
6187, #f, 
6188, #f, 
6189, #f, 
6190, #f, 
6191, #f, 
6192, #f, 
6193, #f, 
6194, #f, 
6195, #f, 
6196, #f, 
6197, #t, 
6198, #f, 
6199, #t, 
6200, #f, 
6201, #f, 
6202, #f, 
6203, #t, 
6204, #f, 
6205, #f, 
6206, #f, 
6207, #f, 
6208, #f, 
6209, #f, 
6210, #f, 
6211, #t, 
6212, #f, 
6213, #f, 
6214, #f, 
6215, #f, 
6216, #f, 
6217, #t, 
6218, #f, 
6219, #f, 
6220, #f, 
6221, #t, 
6222, #f, 
6223, #f, 
6224, #f, 
6225, #f, 
6226, #f, 
6227, #f, 
6228, #f, 
6229, #t, 
6230, #f, 
6231, #f, 
6232, #f, 
6233, #f, 
6234, #f, 
6235, #f, 
6236, #f, 
6237, #f, 
6238, #f, 
6239, #f, 
6240, #f, 
6241, #f, 
6242, #f, 
6243, #f, 
6244, #f, 
6245, #f, 
6246, #f, 
6247, #t, 
6248, #f, 
6249, #f, 
6250, #f, 
6251, #f, 
6252, #f, 
6253, #f, 
6254, #f, 
6255, #f, 
6256, #f, 
6257, #t, 
6258, #f, 
6259, #f, 
6260, #f, 
6261, #f, 
6262, #f, 
6263, #t, 
6264, #f, 
6265, #f, 
6266, #f, 
6267, #f, 
6268, #f, 
6269, #t, 
6270, #f, 
6271, #t, 
6272, #f, 
6273, #f, 
6274, #f, 
6275, #f, 
6276, #f, 
6277, #t, 
6278, #f, 
6279, #f, 
6280, #f, 
6281, #f, 
6282, #f, 
6283, #f, 
6284, #f, 
6285, #f, 
6286, #f, 
6287, #t, 
6288, #f, 
6289, #f, 
6290, #f, 
6291, #f, 
6292, #f, 
6293, #f, 
6294, #f, 
6295, #f, 
6296, #f, 
6297, #f, 
6298, #f, 
6299, #t, 
6300, #f, 
6301, #t, 
6302, #f, 
6303, #f, 
6304, #f, 
6305, #f, 
6306, #f, 
6307, #f, 
6308, #f, 
6309, #f, 
6310, #f, 
6311, #t, 
6312, #f, 
6313, #f, 
6314, #f, 
6315, #f, 
6316, #f, 
6317, #t, 
6318, #f, 
6319, #f, 
6320, #f, 
6321, #f, 
6322, #f, 
6323, #t, 
6324, #f, 
6325, #f, 
6326, #f, 
6327, #f, 
6328, #f, 
6329, #t, 
6330, #f, 
6331, #f, 
6332, #f, 
6333, #f, 
6334, #f, 
6335, #f, 
6336, #f, 
6337, #t, 
6338, #f, 
6339, #f, 
6340, #f, 
6341, #f, 
6342, #f, 
6343, #t, 
6344, #f, 
6345, #f, 
6346, #f, 
6347, #f, 
6348, #f, 
6349, #f, 
6350, #f, 
6351, #f, 
6352, #f, 
6353, #t, 
6354, #f, 
6355, #f, 
6356, #f, 
6357, #f, 
6358, #f, 
6359, #t, 
6360, #f, 
6361, #t, 
6362, #f, 
6363, #f, 
6364, #f, 
6365, #f, 
6366, #f, 
6367, #t, 
6368, #f, 
6369, #f, 
6370, #f, 
6371, #f, 
6372, #f, 
6373, #t, 
6374, #f, 
6375, #f, 
6376, #f, 
6377, #f, 
6378, #f, 
6379, #t, 
6380, #f, 
6381, #f, 
6382, #f, 
6383, #f, 
6384, #f, 
6385, #f, 
6386, #f, 
6387, #f, 
6388, #f, 
6389, #t, 
6390, #f, 
6391, #f, 
6392, #f, 
6393, #f, 
6394, #f, 
6395, #f, 
6396, #f, 
6397, #t, 
6398, #f, 
6399, #f, 
6400, #f, 
6401, #f, 
6402, #f, 
6403, #f, 
6404, #f, 
6405, #f, 
6406, #f, 
6407, #f, 
6408, #f, 
6409, #f, 
6410, #f, 
6411, #f, 
6412, #f, 
6413, #f, 
6414, #f, 
6415, #f, 
6416, #f, 
6417, #f, 
6418, #f, 
6419, #f, 
6420, #f, 
6421, #t, 
6422, #f, 
6423, #f, 
6424, #f, 
6425, #f, 
6426, #f, 
6427, #t, 
6428, #f, 
6429, #f, 
6430, #f, 
6431, #f, 
6432, #f, 
6433, #f, 
6434, #f, 
6435, #f, 
6436, #f, 
6437, #f, 
6438, #f, 
6439, #f, 
6440, #f, 
6441, #f, 
6442, #f, 
6443, #f, 
6444, #f, 
6445, #f, 
6446, #f, 
6447, #f, 
6448, #f, 
6449, #t, 
6450, #f, 
6451, #t, 
6452, #f, 
6453, #f, 
6454, #f, 
6455, #f, 
6456, #f, 
6457, #f, 
6458, #f, 
6459, #f, 
6460, #f, 
6461, #f, 
6462, #f, 
6463, #f, 
6464, #f, 
6465, #f, 
6466, #f, 
6467, #f, 
6468, #f, 
6469, #t, 
6470, #f, 
6471, #f, 
6472, #f, 
6473, #t, 
6474, #f, 
6475, #f, 
6476, #f, 
6477, #f, 
6478, #f, 
6479, #f, 
6480, #f, 
6481, #t, 
6482, #f, 
6483, #f, 
6484, #f, 
6485, #f, 
6486, #f, 
6487, #f, 
6488, #f, 
6489, #f, 
6490, #f, 
6491, #t, 
6492, #f, 
6493, #f, 
6494, #f, 
6495, #f, 
6496, #f, 
6497, #f, 
6498, #f, 
6499, #f, 
6500, #f, 
6501, #f, 
6502, #f, 
6503, #f, 
6504, #f, 
6505, #f, 
6506, #f, 
6507, #f, 
6508, #f, 
6509, #f, 
6510, #f, 
6511, #f, 
6512, #f, 
6513, #f, 
6514, #f, 
6515, #f, 
6516, #f, 
6517, #f, 
6518, #f, 
6519, #f, 
6520, #f, 
6521, #t, 
6522, #f, 
6523, #f, 
6524, #f, 
6525, #f, 
6526, #f, 
6527, #f, 
6528, #f, 
6529, #t, 
6530, #f, 
6531, #f, 
6532, #f, 
6533, #f, 
6534, #f, 
6535, #f, 
6536, #f, 
6537, #f, 
6538, #f, 
6539, #f, 
6540, #f, 
6541, #f, 
6542, #f, 
6543, #f, 
6544, #f, 
6545, #f, 
6546, #f, 
6547, #t, 
6548, #f, 
6549, #f, 
6550, #f, 
6551, #t, 
6552, #f, 
6553, #t, 
6554, #f, 
6555, #f, 
6556, #f, 
6557, #f, 
6558, #f, 
6559, #f, 
6560, #f, 
6561, #f, 
6562, #f, 
6563, #t, 
6564, #f, 
6565, #f, 
6566, #f, 
6567, #f, 
6568, #f, 
6569, #t, 
6570, #f, 
6571, #t, 
6572, #f, 
6573, #f, 
6574, #f, 
6575, #f, 
6576, #f, 
6577, #t, 
6578, #f, 
6579, #f, 
6580, #f, 
6581, #t, 
6582, #f, 
6583, #f, 
6584, #f, 
6585, #f, 
6586, #f, 
6587, #f, 
6588, #f, 
6589, #f, 
6590, #f, 
6591, #f, 
6592, #f, 
6593, #f, 
6594, #f, 
6595, #f, 
6596, #f, 
6597, #f, 
6598, #f, 
6599, #t, 
6600, #f, 
6601, #f, 
